"","ID_H"
"1","0003"
"2","0003"
"3","0004"
"4","0005"
"5","0007"
"6","0007"
"7","0008"
"8","0011"
"9","0011"
"10","0011"
"11","0012"
"12","0012"
"13","0012"
"14","0013"
"15","0013"
"16","0013"
"17","0013"
"18","0016"
"19","0016"
"20","0016"
"21","0016"
"22","0017"
"23","0017"
"24","0018"
"25","0020"
"26","0020"
"27","0021"
"28","0022"
"29","0024"
"30","0025"
"31","0026"
"32","0026"
"33","0027"
"34","0028"
"35","0029"
"36","0030"
"37","0030"
"38","0031"
"39","0032"
"40","0033"
"41","0034"
"42","0037"
"43","0038"
"44","0038"
"45","0040"
"46","0041"
"47","0043"
"48","0047"
"49","0048"
"50","0050"
"51","0050"
"52","0050"
"53","0052"
"54","0052"
"55","0053"
"56","0054"
"57","0054"
"58","0054"
"59","0055"
"60","0055"
"61","0056"
"62","0056"
"63","0057"
"64","0057"
"65","0059"
"66","0060"
"67","0060"
"68","0061"
"69","0062"
"70","0062"
"71","0063"
"72","0064"
"73","0065"
"74","0065"
"75","0066"
"76","0068"
"77","0068"
"78","0068"
"79","0068"
"80","0068"
"81","0070"
"82","0071"
"83","0071"
"84","0072"
"85","0072"
"86","0072"
"87","0072"
"88","0073"
"89","0073"
"90","0073"
"91","0075"
"92","0075"
"93","0075"
"94","0075"
"95","0076"
"96","0083"
"97","0085"
"98","0085"
"99","0088"
"100","0088"
"101","0089"
"102","0090"
"103","0093"
"104","0097"
"105","0099"
"106","0100"
"107","0100"
"108","0102"
"109","0102"
"110","0102"
"111","0104"
"112","0104"
"113","0106"
"114","0106"
"115","0106"
"116","0108"
"117","0109"
"118","0109"
"119","0109"
"120","0110"
"121","0111"
"122","0111"
"123","0111"
"124","0113"
"125","0113"
"126","0113"
"127","0115"
"128","0115"
"129","0115"
"130","0116"
"131","0116"
"132","0117"
"133","0117"
"134","0118"
"135","0118"
"136","0118"
"137","0118"
"138","0120"
"139","0121"
"140","0121"
"141","0122"
"142","0122"
"143","0123"
"144","0124"
"145","0124"
"146","0125"
"147","0125"
"148","0129"
"149","0130"
"150","0130"
"151","0131"
"152","0131"
"153","0131"
"154","0133"
"155","0133"
"156","0134"
"157","0135"
"158","0136"
"159","0136"
"160","0137"
"161","0137"
"162","0137"
"163","0138"
"164","0139"
"165","0139"
"166","0139"
"167","0140"
"168","0140"
"169","0142"
"170","0145"
"171","0146"
"172","0147"
"173","0147"
"174","0147"
"175","0148"
"176","0148"
"177","0150"
"178","0150"
"179","0151"
"180","0153"
"181","0153"
"182","0154"
"183","0154"
"184","0156"
"185","0157"
"186","0157"
"187","0159"
"188","0159"
"189","0160"
"190","0160"
"191","0163"
"192","0164"
"193","0165"
"194","0165"
"195","0165"
"196","0165"
"197","0166"
"198","0166"
"199","0167"
"200","0167"
"201","0170"
"202","0170"
"203","0170"
"204","0171"
"205","0172"
"206","0172"
"207","0173"
"208","0174"
"209","0174"
"210","0175"
"211","0175"
"212","0175"
"213","0176"
"214","0177"
"215","0177"
"216","0179"
"217","0179"
"218","0179"
"219","0180"
"220","0180"
"221","0181"
"222","0181"
"223","0182"
"224","0182"
"225","0189"
"226","0189"
"227","0189"
"228","0190"
"229","0191"
"230","0192"
"231","0193"
"232","0193"
"233","0193"
"234","0194"
"235","0195"
"236","0197"
"237","0197"
"238","0197"
"239","0197"
"240","0199"
"241","0199"
"242","0201"
"243","0201"
"244","0202"
"245","0202"
"246","0203"
"247","0204"
"248","0204"
"249","0205"
"250","0205"
"251","0205"
"252","0205"
"253","0207"
"254","0208"
"255","0208"
"256","0208"
"257","0209"
"258","0210"
"259","0210"
"260","0210"
"261","0212"
"262","0212"
"263","0213"
"264","0215"
"265","0215"
"266","0218"
"267","0219"
"268","0219"
"269","0219"
"270","0220"
"271","0220"
"272","0220"
"273","0221"
"274","0221"
"275","0222"
"276","0223"
"277","0223"
"278","0224"
"279","0225"
"280","0225"
"281","0225"
"282","0225"
"283","0225"
"284","0226"
"285","0226"
"286","0227"
"287","0228"
"288","0229"
"289","0229"
"290","0229"
"291","0229"
"292","0229"
"293","0229"
"294","0230"
"295","0232"
"296","0233"
"297","0233"
"298","0234"
"299","0234"
"300","0235"
"301","0236"
"302","0237"
"303","0238"
"304","0240"
"305","0241"
"306","0241"
"307","0241"
"308","0241"
"309","0241"
"310","0243"
"311","0245"
"312","0246"
"313","0246"
"314","0247"
"315","0247"
"316","0247"
"317","0248"
"318","0248"
"319","0250"
"320","0250"
"321","0252"
"322","0254"
"323","0256"
"324","0257"
"325","0258"
"326","0258"
"327","0259"
"328","0259"
"329","0260"
"330","0260"
"331","0260"
"332","0260"
"333","0260"
"334","0263"
"335","0263"
"336","0263"
"337","0263"
"338","0264"
"339","0264"
"340","0266"
"341","0266"
"342","0267"
"343","0267"
"344","0267"
"345","0268"
"346","0268"
"347","0269"
"348","0269"
"349","0269"
"350","0269"
"351","0269"
"352","0270"
"353","0274"
"354","0274"
"355","0274"
"356","0275"
"357","0275"
"358","0275"
"359","0275"
"360","0275"
"361","0276"
"362","0276"
"363","0280"
"364","0281"
"365","0284"
"366","0285"
"367","0285"
"368","0286"
"369","0287"
"370","0287"
"371","0288"
"372","0289"
"373","0290"
"374","0290"
"375","0292"
"376","0292"
"377","0297"
"378","0298"
"379","0298"
"380","0299"
"381","0300"
"382","0300"
"383","0301"
"384","0301"
"385","0303"
"386","0303"
"387","0303"
"388","0303"
"389","0304"
"390","0304"
"391","0305"
"392","0306"
"393","0308"
"394","0308"
"395","0308"
"396","0310"
"397","0311"
"398","0311"
"399","0312"
"400","0312"
"401","0312"
"402","0314"
"403","0314"
"404","0314"
"405","0315"
"406","0315"
"407","0316"
"408","0317"
"409","0320"
"410","0321"
"411","0324"
"412","0324"
"413","0327"
"414","0327"
"415","0327"
"416","0329"
"417","0329"
"418","0329"
"419","0330"
"420","0331"
"421","0332"
"422","0332"
"423","0334"
"424","0334"
"425","0335"
"426","0335"
"427","0335"
"428","0337"
"429","0337"
"430","0337"
"431","0338"
"432","0339"
"433","0339"
"434","0340"
"435","0341"
"436","0341"
"437","0341"
"438","0341"
"439","0343"
"440","0343"
"441","0347"
"442","0347"
"443","0350"
"444","0351"
"445","0352"
"446","0354"
"447","0356"
"448","0356"
"449","0356"
"450","0357"
"451","0358"
"452","0358"
"453","0359"
"454","0359"
"455","0360"
"456","0361"
"457","0362"
"458","0363"
"459","0364"
"460","0364"
"461","0365"
"462","0365"
"463","0366"
"464","0368"
"465","0369"
"466","0370"
"467","0370"
"468","0371"
"469","0372"
"470","0372"
"471","0373"
"472","0373"
"473","0373"
"474","0375"
"475","0376"
"476","0376"
"477","0376"
"478","0378"
"479","0378"
"480","0378"
"481","0378"
"482","0379"
"483","0380"
"484","0383"
"485","0384"
"486","0386"
"487","0386"
"488","0387"
"489","0387"
"490","0389"
"491","0393"
"492","0394"
"493","0395"
"494","0396"
"495","0396"
"496","0397"
"497","0398"
"498","0398"
"499","0398"
"500","0398"
"501","0402"
"502","0402"
"503","0403"
"504","0404"
"505","0406"
"506","0406"
"507","0407"
"508","0407"
"509","0407"
"510","0408"
"511","0409"
"512","0409"
"513","0412"
"514","0412"
"515","0416"
"516","0417"
"517","0417"
"518","0418"
"519","0419"
"520","0421"
"521","0421"
"522","0421"
"523","0422"
"524","0423"
"525","0424"
"526","0424"
"527","0425"
"528","0425"
"529","0426"
"530","0427"
"531","0428"
"532","0429"
"533","0429"
"534","0429"
"535","0430"
"536","0430"
"537","0432"
"538","0433"
"539","0435"
"540","0436"
"541","0437"
"542","0437"
"543","0438"
"544","0438"
"545","0439"
"546","0439"
"547","0441"
"548","0441"
"549","0442"
"550","0443"
"551","0443"
"552","0443"
"553","0445"
"554","0446"
"555","0447"
"556","0448"
"557","0451"
"558","0453"
"559","0453"
"560","0455"
"561","0455"
"562","0457"
"563","0457"
"564","0457"
"565","0460"
"566","0460"
"567","0461"
"568","0462"
"569","0462"
"570","0463"
"571","0464"
"572","0465"
"573","0466"
"574","0466"
"575","0467"
"576","0467"
"577","0467"
"578","0467"
"579","0467"
"580","0469"
"581","0469"
"582","0469"
"583","0469"
"584","0470"
"585","0470"
"586","0471"
"587","0471"
"588","0471"
"589","0472"
"590","0473"
"591","0473"
"592","0473"
"593","0474"
"594","0475"
"595","0475"
"596","0477"
"597","0478"
"598","0479"
"599","0480"
"600","0480"
"601","0481"
"602","0482"
"603","0483"
"604","0484"
"605","0486"
"606","0488"
"607","0488"
"608","0489"
"609","0489"
"610","0492"
"611","0492"
"612","0493"
"613","0495"
"614","0496"
"615","0498"
"616","0498"
"617","0499"
"618","0500"
"619","0502"
"620","0502"
"621","0502"
"622","0502"
"623","0503"
"624","0504"
"625","0505"
"626","0506"
"627","0507"
"628","0508"
"629","0508"
"630","0509"
"631","0509"
"632","0510"
"633","0510"
"634","0510"
"635","0510"
"636","0511"
"637","0512"
"638","0512"
"639","0512"
"640","0514"
"641","0515"
"642","0516"
"643","0516"
"644","0516"
"645","0516"
"646","0517"
"647","0519"
"648","0520"
"649","0520"
"650","0521"
"651","0522"
"652","0522"
"653","0523"
"654","0524"
"655","0526"
"656","0527"
"657","0527"
"658","0534"
"659","0535"
"660","0537"
"661","0538"
"662","0538"
"663","0538"
"664","0539"
"665","0539"
"666","0539"
"667","0540"
"668","0542"
"669","0542"
"670","0542"
"671","0542"
"672","0543"
"673","0544"
"674","0544"
"675","0545"
"676","0547"
"677","0548"
"678","0549"
"679","0550"
"680","0552"
"681","0553"
"682","0556"
"683","0557"
"684","0560"
"685","0560"
"686","0560"
"687","0561"
"688","0561"
"689","0562"
"690","0563"
"691","0566"
"692","0567"
"693","0567"
"694","0567"
"695","0569"
"696","0572"
"697","0572"
"698","0573"
"699","0573"
"700","0573"
"701","0573"
"702","0574"
"703","0575"
"704","0576"
"705","0576"
"706","0580"
"707","0581"
"708","0581"
"709","0581"
"710","0582"
"711","0582"
"712","0583"
"713","0584"
"714","0584"
"715","0587"
"716","0588"
"717","0590"
"718","0591"
"719","0591"
"720","0591"
"721","0592"
"722","0592"
"723","0592"
"724","0592"
"725","0593"
"726","0594"
"727","0594"
"728","0594"
"729","0594"
"730","0597"
"731","0597"
"732","0598"
"733","0599"
"734","0600"
"735","0600"
"736","0602"
"737","0602"
"738","0602"
"739","0603"
"740","0605"
"741","0606"
"742","0606"
"743","0606"
"744","0607"
"745","0608"
"746","0609"
"747","0609"
"748","0610"
"749","0610"
"750","0610"
"751","0610"
"752","0611"
"753","0614"
"754","0614"
"755","0618"
"756","0618"
"757","0620"
"758","0621"
"759","0621"
"760","0621"
"761","0622"
"762","0623"
"763","0623"
"764","0625"
"765","0626"
"766","0627"
"767","0628"
"768","0628"
"769","0629"
"770","0629"
"771","0629"
"772","0630"
"773","0631"
"774","0633"
"775","0633"
"776","0633"
"777","0633"
"778","0635"
"779","0635"
"780","0636"
"781","0636"
"782","0636"
"783","0636"
"784","0637"
"785","0637"
"786","0637"
"787","0638"
"788","0639"
"789","0640"
"790","0640"
"791","0640"
"792","0642"
"793","0642"
"794","0643"
"795","0643"
"796","0646"
"797","0646"
"798","0647"
"799","0647"
"800","0651"
"801","0653"
"802","0653"
"803","0654"
"804","0654"
"805","0654"
"806","0654"
"807","0655"
"808","0656"
"809","0656"
"810","0657"
"811","0657"
"812","0658"
"813","0659"
"814","0660"
"815","0661"
"816","0661"
"817","0661"
"818","0663"
"819","0663"
"820","0664"
"821","0664"
"822","0664"
"823","0664"
"824","0665"
"825","0666"
"826","0666"
"827","0667"
"828","0668"
"829","0672"
"830","0672"
"831","0674"
"832","0675"
"833","0677"
"834","0679"
"835","0680"
"836","0680"
"837","0681"
"838","0681"
"839","0681"
"840","0682"
"841","0684"
"842","0684"
"843","0686"
"844","0686"
"845","0686"
"846","0687"
"847","0690"
"848","0693"
"849","0693"
"850","0693"
"851","0693"
"852","0694"
"853","0695"
"854","0695"
"855","0696"
"856","0699"
"857","0700"
"858","0702"
"859","0702"
"860","0705"
"861","0706"
"862","0707"
"863","0707"
"864","0707"
"865","0707"
"866","0707"
"867","0707"
"868","0707"
"869","0709"
"870","0710"
"871","0711"
"872","0712"
"873","0712"
"874","0713"
"875","0713"
"876","0714"
"877","0714"
"878","0720"
"879","0720"
"880","0720"
"881","0720"
"882","0720"
"883","0723"
"884","0724"
"885","0726"
"886","0726"
"887","0726"
"888","0726"
"889","0728"
"890","0728"
"891","0732"
"892","0733"
"893","0735"
"894","0736"
"895","0738"
"896","0738"
"897","0738"
"898","0741"
"899","0746"
"900","0747"
"901","0747"
"902","0747"
"903","0748"
"904","0751"
"905","0751"
"906","0752"
"907","0753"
"908","0753"
"909","0754"
"910","0754"
"911","0755"
"912","0755"
"913","0756"
"914","0757"
"915","0758"
"916","0759"
"917","0761"
"918","0761"
"919","0761"
"920","0762"
"921","0764"
"922","0764"
"923","0764"
"924","0766"
"925","0767"
"926","0767"
"927","0767"
"928","0768"
"929","0769"
"930","0769"
"931","0769"
"932","0772"
"933","0772"
"934","0772"
"935","0772"
"936","0772"
"937","0772"
"938","0772"
"939","0773"
"940","0774"
"941","0774"
"942","0775"
"943","0775"
"944","0775"
"945","0776"
"946","0776"
"947","0776"
"948","0779"
"949","0779"
"950","0780"
"951","0780"
"952","0782"
"953","0782"
"954","0784"
"955","0786"
"956","0787"
"957","0787"
"958","0788"
"959","0790"
"960","0790"
"961","0791"
"962","0791"
"963","0792"
"964","0793"
"965","0795"
"966","0795"
"967","0795"
"968","0798"
"969","0798"
"970","0799"
"971","0800"
"972","0800"
"973","0801"
"974","0801"
"975","0801"
"976","0802"
"977","0803"
"978","0803"
"979","0804"
"980","0804"
"981","0805"
"982","0806"
"983","0807"
"984","0807"
"985","0807"
"986","0808"
"987","0808"
"988","0808"
"989","0809"
"990","0810"
"991","0811"
"992","0811"
"993","0813"
"994","0813"
"995","0813"
"996","0813"
"997","0813"
"998","0814"
"999","0815"
"1000","0816"
"1001","0816"
"1002","0817"
"1003","0817"
"1004","0818"
"1005","0820"
"1006","0820"
"1007","0822"
"1008","0822"
"1009","0822"
"1010","0823"
"1011","0823"
"1012","0823"
"1013","0825"
"1014","0825"
