start_p10,PARENT_KEY
1000193972,uuid:d5e70289-34b9-4123-93d6-4bae5cba87df
1000292440,uuid:9332f42d-7b75-4820-a4be-e776161eb431
1000438461,uuid:ea91f40e-894a-491e-8aec-2ff13ec693c5
1000536137,uuid:d545f342-6203-4358-bade-35bbfddff960
1000538215,uuid:2d6aa561-5eca-40c7-b0a5-7565ebc426d7
1000638664,uuid:f5d4611c-1137-4241-8580-ea57c06efc9c
1000643548,uuid:68d0dce8-884c-42f0-98d8-c350686597e7
1000871711,uuid:b4bf8329-dba3-4c83-8973-b9df082f7de1
1001033236,uuid:188224e8-13f3-4463-988a-44a17f770372
1001139233,uuid:9c0f3c9f-57d2-4dd6-9465-80980b55cc7a
1001235015,uuid:9398c7e4-b7ff-43d5-b1c8-a747226d1867
1001359510,uuid:33ebe7a3-52e8-4eeb-8040-cf9d84051bdf
1001851457,uuid:135c4bc5-fa15-455b-aff2-49acad56732b
1002022185,uuid:4f39b104-9e10-4eae-8470-5d56eae428f1
1002026183,uuid:4d822c2f-9718-4697-9514-180c572ed5ac
1002034065,uuid:0bf8abfb-65fe-4d12-ae2d-8832737f3caf
1002130477,uuid:b6de1024-5a8a-44ef-a542-60ccdc5cbf7b
1002155243,uuid:8609e4b0-79a4-42af-9746-5ead80bce63f
1002163129,uuid:a622dee7-338c-4b6a-ad3a-96d7c12a585f
1002793265,uuid:36d0be1c-a47a-4243-bf32-f20c6dc41c6c
100306195,uuid:5373abe8-1613-49c3-827b-834b3ee7a99c
1005706694,uuid:e373c005-edb5-467a-a08d-ecdb259bedc6
1005873832,uuid:061a4f1d-e8a4-4b13-8e26-07040af427fb
1005934818,uuid:1354dcff-f0a8-4704-9fbc-d107bcb1c746
1005976691,uuid:ef70cec9-821c-414d-a867-00bd26ee48e8
1006233749,uuid:4d066b75-0f41-4bd9-ad84-83d545de1b89
10068285,uuid:82fcf04f-8228-4e85-a5c9-d78c430365a0
1007132436,uuid:65da05e3-95a3-45ed-b282-4df6cb705b82
1007172686,uuid:fea396ae-7df0-443e-8e6b-443edb7c8668
1007175950,uuid:2156307c-de06-4e1f-94ff-5aee44b226a1
1007908804,uuid:9d5d4893-6587-4f46-91ef-a6ee34ea2ef0
1010032037,uuid:3e908016-8747-44c5-b79c-50ae395f2dee
1010119253,uuid:4ccf8d79-6552-4c83-ad02-e46a4377a47c
10122125,uuid:968b6e85-51c3-4dea-8562-240007770708
1015186975,uuid:12e20ee4-2d50-4384-b549-53694fe767bd
1015193737,uuid:6c0e2f83-b70e-4cd7-bec3-18631d5b3e48
1017135726,uuid:b2399f66-6d68-436c-904b-f28333d233bc
1017152403,uuid:a2e4fa96-3a98-475c-a3db-20e634b7244b
1017154497,uuid:12e72ecd-ef98-4c2f-ba06-8233cc2e8c24
1017179652,uuid:7dab3bbf-9388-4e7b-8437-30286a42f7f8
1017179966,uuid:7004ff5c-7a8d-4969-81a1-cb485ba8b607
1017190314,uuid:f1d24bb9-6bb1-4145-8edb-a063af18bcd5
1017192472,uuid:1a5e62a6-bcc7-443a-b341-a3edcf0b6710
1017206637,uuid:16eacc2b-77f1-4f1a-9739-de75b2a699c5
1017212544,uuid:bcdde620-7e27-4031-9690-26e874682279
1017216558,uuid:084fbc98-0496-4ba8-97ef-7840456f9fa9
1017233148,uuid:2b7dcf30-dc36-4ca3-8cea-efcfaa6c80f4
1017239115,uuid:cf4b8c10-052d-4d05-885e-5163f22d3de3
1017247299,uuid:b51a9683-2952-41e2-9d6d-1b9d4018df42
1017248051,uuid:509f50be-6f02-4e14-8b44-75ff1c74e26b
1017266133,uuid:6f531afb-804b-4b39-a590-bbb5aeabe6a8
1017269447,uuid:56e4e8bf-d647-40c7-9443-c2471a24ff5d
1017269998,uuid:622b32a4-0169-423c-8cb8-2613f3d3f613
1020450299,uuid:70337f1b-1316-4d72-86f1-751a6ffb6c7c
1020482801,uuid:1b34ad62-df68-442e-b8c4-54b41794177f
1022094431,uuid:f7ac7fa5-c692-485d-9328-1af210a7fd43
1022124557,uuid:86e535cd-c4ab-4674-9fc1-b88528abd6bc
1022125326,uuid:77c96912-15fc-4d2b-ad5c-49f2fa18ffb4
1023626536,uuid:0af0033c-16d0-4dc5-8143-a6de20436f50
10239436,uuid:e56930ae-f720-45da-9975-6de72ecf1162
1025640590,uuid:65252110-f87a-4a13-a36f-53c40834eefc
1025665487,uuid:d385fcfd-13c6-42d1-9f6c-5587dbfaf758
1026145865,uuid:79237a70-8fbb-44c8-828f-b9148de938ce
1032421813,uuid:df8fec55-f3e9-4356-ab40-2d22686c2139
1033176878,uuid:f4db2737-0695-44a6-9cb1-d596686a3010
1035228839,uuid:73abbeaf-a30f-4ded-9ad4-37522ded862c
1035921080,uuid:cd6f2ba5-265d-4d9d-9ff7-7b5932ab2ed8
1036601648,uuid:d6717b1a-678a-4b5d-ae00-082f2c5a9b53
1036615312,uuid:ca6b65de-618f-4a07-a991-db683e8da2bf
1036617115,uuid:d6b9cf59-94ae-405e-8bc8-27dffb21faa7
1036631758,uuid:5fc53e72-7d02-4326-a7d2-071e42c804a8
1036934154,uuid:7e72f9d2-4edd-4ef5-8718-3770abdcab2f
1037263422,uuid:a51461e2-2e8c-4ccb-a72d-cc69d5d16962
10375239,uuid:49571f7e-355b-4648-8f9a-71a82967259c
1037570230,uuid:92a4baa7-f34a-4373-a9bc-a5e326c923b9
1037584599,uuid:0d0f92f6-d335-4653-ae9d-32b1b97fdf03
1037613164,uuid:3a1219de-ae97-464e-acd6-8b79ad78f686
1037613287,uuid:5d09cc34-2f39-4e9f-962a-df8977ccd234
1039285463,uuid:4a4d6b98-a94a-4501-ae59-936bd3c987a4
1039460475,uuid:d538afea-ee3f-4765-ae52-efb5810d4688
1040749440,uuid:59b46880-3e83-4a46-bfd8-67286e3d76dd
1042064849,uuid:960bcd18-b30d-48ed-b9a0-2cd3ec7a5c60
1043435114,uuid:a2609a91-73a9-4a2a-9f37-22fb8abef5e6
1043665208,uuid:3404866b-b454-468f-a20b-548ce829537b
1043873936,uuid:a424cb96-d667-46c2-bc2c-07f5fb8aeef1
1044150889,uuid:73d1d5d4-7b87-4a96-96e0-dddd71299585
1044618006,uuid:8044702a-6623-4f39-b9b5-b04d7bc33965
1045674075,uuid:f572afea-48f9-4beb-a40f-5b72fd74770f
1045675162,uuid:dd67b801-1f7c-4522-a46e-3f11fd2f0beb
1045677797,uuid:4ae80f39-a6b2-4ec7-85af-cf314800c06b
1045678951,uuid:79c332f0-c2b9-4f9e-b6e3-48a7f0562d65
1045679578,uuid:23c89dd8-cffd-470e-8859-e2a6641dc417
1045683391,uuid:0cf30142-3db5-4946-9206-2c50e0e395be
1045684410,uuid:a3a4f6c7-f8b3-4ee4-952f-6d026dd5785d
1045685911,uuid:d44cf8c3-c054-4178-aca8-f4438e1a1bcb
1045691917,uuid:66a6fa34-4700-4e40-bf63-b3c43f011ecf
1045724437,uuid:71554ee8-4f8b-4a8b-a820-beee1b67345d
1045731398,uuid:da12e3d7-2357-4365-b842-9b030738d072
1045741495,uuid:aa4bd224-bf12-4884-93ad-5b43e2f60000
1045743889,uuid:9be18db2-9aa3-46f5-bec9-059a78417aa2
1045746691,uuid:9779d0c9-fac0-4856-81d5-af75f95917db
1045748346,uuid:d8c06e0d-612f-4e7b-b08f-a49081f8d7cc
1045759593,uuid:a04f4f17-bf08-489c-9db0-7e887e6af735
1046697166,uuid:578ad2de-43d0-4850-9f32-31ac218cc47e
1046702906,uuid:ec3be06c-0ef2-42ef-b25b-f11dc0cf840e
1047048484,uuid:9689ea08-e2fd-4c91-940b-8e1e69d3a233
1047217469,uuid:8bfe7613-ad67-4665-95ef-67507a70cbff
1047221609,uuid:7940a510-fefa-44a4-97c9-f2fab1f7dfa7
1047222969,uuid:d4d76c06-b397-45f5-aa05-44a7ed83bb76
1047223166,uuid:5767b38d-7b76-411e-8333-a66d05aa48b9
1047223432,uuid:afb02f1e-f887-450e-9fc5-3877424e95b7
1047226056,uuid:289bb026-f800-4ef4-98d7-49e5cc201295
10472271,uuid:9af38830-8623-4ba1-9a9c-d116bc3e6841
1047227573,uuid:5b048dc5-989a-4894-8e85-8b63e27b6287
1048220109,uuid:1e479f8d-656d-4dd9-942f-5519ad21fcb6
1051360142,uuid:8e76c950-72e9-431d-85ac-ae6f6352acf6
1059044849,uuid:e1c9c5d4-a122-40b6-95e2-90995b09838c
1059044885,uuid:b38feb55-c5dc-4675-964b-682fd1f632fc
1059986053,uuid:246d94ec-495b-4192-bbdd-f434116340b6
1060102242,uuid:7737fa5f-153d-469b-96d1-cafaf8941e25
1061433798,uuid:fae40d97-e824-4738-b84a-c6f0da32366e
1062297779,uuid:90475288-d770-45e5-8d66-be72cc1163be
1063282279,uuid:f6d67b5f-2353-4788-b208-48cedfed50eb
1067094968,uuid:4ee4b7ff-493c-4ab1-be89-790e673caea9
1067461300,uuid:1283bf61-2ece-4cf2-9a8c-7e3c8e281d88
10741712,uuid:94d35cda-cf46-4d9f-9249-91fa15c1e800
10751150,uuid:8f642988-70ad-466c-bb71-295d5a7c77f9
1080835928,uuid:7d807a2e-fb59-4863-a660-9abaaf8e0814
10885223,uuid:98d2016a-a46e-4a49-b6ec-4ac32206a946
1101200056,uuid:81713141-f3cb-43ab-bc0a-35c66d6f7366
1107036712,uuid:fe20b014-b30c-4fde-a42d-3f03dedd3e62
1107038099,uuid:2a2c2652-b7df-41e0-a5eb-aa94a3a291da
1107062248,uuid:58076e24-3829-47a5-97ca-1139edc032aa
1107077651,uuid:177b8eb0-c5ae-4c62-9620-71acb35d2f91
1107082402,uuid:101181df-391a-4f41-8cbb-6ba87b3b54c0
1107090332,uuid:df5735fb-68b4-46d7-b236-0b53d08edec8
1107096112,uuid:2a62be30-2c00-4a75-bf5e-d3ecfbd59e69
1107101692,uuid:949ca412-62e9-476a-a0dd-c17c65789f21
1107511494,uuid:d8160702-7472-49e4-9c86-bd9878e2daf6
1107511973,uuid:47de55a0-7c4e-43e1-97e4-3c98aae6a67d
1107528203,uuid:be2f0a0a-3f58-41f4-aabd-533648f773dd
1108641125,uuid:d493b830-1121-4e23-8451-5420cd85e5a9
1112459228,uuid:f52f96b4-f5ac-4f45-8de7-b7142d3db1db
1112460885,uuid:bc3eeae8-0b19-423e-a52c-20e5fdda4f1b
1112464691,uuid:8746a61a-3a33-4003-91e4-ef65feb411dd
1112473004,uuid:38710ca1-8fde-43a3-85be-0989a6dfd931
1114729169,uuid:3e295f91-e0bc-46fa-bf4e-38b608b7463c
1114731315,uuid:0001bd6f-ad48-4318-bb11-2854a4ae8ec3
1118256990,uuid:13fa04a8-5f4e-422b-9bf9-bdaf181f1d3a
1128165897,uuid:f57a219e-07b1-4731-96dc-7915010b8367
1128271580,uuid:07529b73-e226-47f3-90a8-9ac22db28025
1128407663,uuid:1d056704-c10b-4b93-8c3b-1586c67f873d
1128424631,uuid:d55a1704-d007-4cc7-bb87-33d4379c404a
1128424714,uuid:63968301-0ea8-4d50-8dce-08e986f6563e
1128427798,uuid:b5bcb8ca-191a-42d8-ac5d-fb7e717771a2
1128437441,uuid:f0c4cc57-fd9e-4198-9f35-7352e61b60e0
1128437636,uuid:5785b8ca-7f19-4bf6-8d35-3e514ebe4042
1128481612,uuid:368cc543-b07c-43b1-80a5-538d7364b753
1129487310,uuid:b67af760-bc9a-4814-9fb5-372f071fd6ac
1129497775,uuid:1c390099-ed18-4f4d-98fd-9dedfe946f4a
1129498810,uuid:2109b92d-730b-4c67-9d31-dbf9232e3296
1129504681,uuid:ae04b739-978f-456d-8a00-a701273cc05a
1129510023,uuid:8099515f-5128-4503-928b-7d75707c8de0
1129514883,uuid:8981aaf8-4855-4f56-b39f-70c968c9d37a
1129519478,uuid:b735447a-2dfe-44d3-942f-4def77dbf408
1129520081,uuid:4aaac2d8-c773-420f-87dc-fed5226930e9
1129543553,uuid:c64f6f5e-1aba-4475-bac1-eef7f17a0989
1129565229,uuid:6f6fe915-96f4-4bf3-96b5-44d798bbbfe8
1129566300,uuid:67c23ce5-9244-401c-9fa8-b7098eed2c01
1129583301,uuid:f47e6b0a-bee2-494b-a568-4ad58a5a1181
1130590826,uuid:0f53f803-8bd0-4773-a47a-77b40a0cca93
1130591575,uuid:56053b1b-6a1e-4947-8a58-301c315eb55d
1130594662,uuid:911de3a6-a85c-43ef-b719-d4a442b6f69a
1130598844,uuid:317eb4e8-ba2e-420c-8e85-0011c7c6cf8d
1130599678,uuid:9d798787-e075-4e19-b160-313ba2ab1429
1130602891,uuid:ebbe9b90-ba03-4669-8556-b07e13d0a3f0
1130609656,uuid:74438de6-5f8a-415e-9080-acf8707977f9
1130611960,uuid:e7e7e26b-90e0-4188-b9d0-03cdbedf68aa
1130612532,uuid:1c7948b3-b5b6-4bb2-8e94-f66c7c2ebf0b
1130614058,uuid:c7f12a94-3e1d-400b-a5cc-a1745c474363
1130621848,uuid:8811e4c3-6da8-423e-b38c-59a120bc161e
1130668655,uuid:185b03d6-8ed3-4525-8e58-a39ccc6bc510
1136060053,uuid:33dd167f-bce5-4a6e-b66b-e133b9b6d382
1140822745,uuid:a881417d-ee2f-4114-83bb-1b6fdf69f5e0
1140837632,uuid:707598a2-abb3-4cd8-a916-52b22f1dd2ef
1143115892,uuid:8a4a3375-aa46-4396-84e6-74593d7b46a2
1143121744,uuid:4c5c63ed-6c41-46fc-93fb-c7bced90df7a
1143122394,uuid:28258806-33da-44a1-9c3f-0d117bbf1ad9
1143125383,uuid:137d128c-b0fa-47a9-9743-0d873c33a06d
1143138306,uuid:dd05eb3f-2268-47d9-82d9-19b756288d74
1143224673,uuid:c9588df1-de0b-4d9a-b721-ecc7fcd398a9
1143229612,uuid:fa0a3cf4-5fde-4d6c-ad64-e4e062386e87
1143243433,uuid:22875085-27fe-4776-97ab-3d63eb9214b0
1143246211,uuid:ace60be1-ad09-4ba0-841d-229b036d121a
1143247447,uuid:9f1fbd90-3cd7-44a3-8aa5-43cd6ab0c7d1
1143259102,uuid:d8220d70-e566-4f5f-bec9-a3b210b159e0
1143429421,uuid:7765f0bf-9dda-45f6-a096-888656c3c763
1143830506,uuid:61a155ee-f374-4e8f-9832-dac2522f513d
1143831016,uuid:25c38607-3a25-4b37-807f-d008c8ddc9d7
1143831802,uuid:7934d8d6-6ae1-49ff-baed-b0581b0a0cda
1143831857,uuid:1035d43e-3418-477a-9070-0378eeb95d3e
1143833310,uuid:f4dfa99b-54ef-4cfb-b150-2a99f2909c29
1143834208,uuid:af3be7b7-1402-4176-9220-0734f74d1ef8
1143838084,uuid:8214b428-b352-4d13-a370-72a646dc948c
1143841537,uuid:7f45495c-4fdb-4169-bad0-6b92aa4d3972
1143841673,uuid:b3794130-2c8d-4999-a7bf-c517024f3366
1143842194,uuid:0869a194-93c4-46eb-9324-8a7159bdc21f
1143843397,uuid:5f509915-74fe-4fe3-a32d-b97e3e5e5424
1143845493,uuid:7c49627b-2db4-41b5-b009-19ce04f838f2
1143846263,uuid:fc02f23b-0b7f-4d61-a87d-250321f68599
1143846465,uuid:6039a294-e91b-4ce7-a6db-d15e858a3755
1143847668,uuid:a54776e4-8c86-45f9-bbe8-92ccd3ec2877
1143853115,uuid:9a20926d-6a63-4338-8db2-bead1373e54a
1143853293,uuid:36d6fb90-5275-4f0a-a61f-c2bdc8d144a8
1143853398,uuid:282cef53-f397-47a8-be40-8b3d1c9cb72d
1143857197,uuid:ae46e95f-a30c-46c3-ae62-f28ac1c6691b
1143958126,uuid:4027287f-4c99-425e-af7c-67e319bc9853
1144024517,uuid:0ef605c8-723e-4878-94f9-a030f1198cfd
1144028216,uuid:40a1978a-916f-4d32-b07e-9366e6d3eb33
1144030139,uuid:27c03dcc-6dc6-4e9c-a230-e1eb03d91fc4
1144031654,uuid:5497330a-32e1-4c1f-bfbe-ed9ef1edd2d9
1144034037,uuid:a97191ba-f39d-41e9-bcae-dc6cc2c54cb9
1144035169,uuid:12387401-5f52-4e23-9d47-99a2c3d021d3
1144037995,uuid:a965faba-1c95-40cb-9d29-e9a83a7d98f2
1144038638,uuid:627c49c6-a201-4988-8afe-e7763298ff9f
1144038733,uuid:9d96e7ff-6fa1-40eb-9258-6f20dd05a9fb
1144043798,uuid:ceb8f551-6970-4881-9abf-22eae0c838bc
1144045256,uuid:eaf94c45-1cf7-4138-852c-e451bdbabe84
1144046314,uuid:741fdc90-af73-4578-80eb-28d652c6a033
1144046952,uuid:a07305cd-85e7-4a51-ada1-16c28387051d
1144051270,uuid:1ec4d753-be05-471f-8e29-2a7310a4e5ad
1144059852,uuid:5916484c-3ea8-41f7-b9c3-3bfda76a7631
1144065963,uuid:c71bd289-ffc6-4a44-a7da-20ccfdd953bb
1144068248,uuid:36ceb61f-d397-4bde-9154-be2bce017575
1144071056,uuid:9f5b2a00-2554-4e08-8f93-c25cb8dcbc1d
1144082561,uuid:e0125d5c-71b2-457a-a38d-ea4c7954e80a
1144094813,uuid:abf0a6a3-fbdd-40ac-8fe5-16ad7fc487ea
1144097141,uuid:f9fd3335-e7d5-4077-b995-73f2c743bc58
1144101026,uuid:f6dbef12-929b-42b1-ab09-61517394d991
1144160399,uuid:7a1bb843-0b46-4df8-8d93-b772370cfae0
1144201470,uuid:89af6728-6f1a-4764-a292-cfbf5ad17b50
1146434251,uuid:6784b976-1c11-4962-9ab6-5bba14a3eaee
1147950412,uuid:85f2b5c5-c74e-43ca-ae5a-b8caec68a8ea
1147957415,uuid:18f99014-3467-4116-9fc5-7fa0fae29a74
1149440235,uuid:43902056-be46-4468-9370-e312bee18fdf
1152204057,uuid:fe2803e4-7109-4607-8740-135cd9766743
1152449711,uuid:e8500370-ece2-4590-a4f8-40679d0283da
1152716412,uuid:21389343-7dc9-4ff6-bf33-9c03514b2926
1192898936,uuid:80498598-3cee-48f9-adbb-02fc32b7ce1b
1193298386,uuid:11a6472a-b87b-41d8-af8b-0fe891101e02
1193327320,uuid:443de9a3-ce0b-4896-a90e-61d5e65068b9
1193371842,uuid:98e7aa49-4e9e-4b06-a2de-f3cd5a307963
1193456461,uuid:2bed3b9e-f0aa-4367-9039-5b388c41ffd5
1193555442,uuid:9d8e4923-1b7f-4e1d-a9f1-af3259393d41
1214733443,uuid:719a295e-fd91-40dc-a9af-e486625f0d61
1214737888,uuid:e14209a9-bbfb-479f-ba0d-c9ce0d8cbe2e
1214748815,uuid:f00b31fb-398c-4a3a-a794-d266d7077fa6
12207323,uuid:4bc3459b-1dc6-466c-b86a-8eac00819900
12534970,uuid:7f9619dc-8543-4df3-bc6c-b61c6b0623a2
12549369,uuid:cf2bb3ca-1277-4369-beb7-00b875671dcc
12593159,uuid:f9939ea1-e4a8-4688-b0a1-a439de21ded1
12621053,uuid:b1544c08-a07b-4155-bc12-a165fa12497f
12798984,uuid:d7a1ac2d-a9fe-48bd-8dbb-fbb162dbcd87
13665069,uuid:ac8ff186-0196-4e51-a1e2-fbe310351c3d
1381356,uuid:2dd62022-d67a-4ac2-b4bc-955414acee07
14440058,uuid:b94302d6-b883-48d6-b99e-86262f0489f9
14446046,uuid:97109fed-9241-4bf1-83e6-9aa9dc6c0f2a
14465565,uuid:3f09d317-2d91-460c-9813-8986afa2bff3
14468000,uuid:ab3b6cc7-2db4-423f-9840-ce40a0213ad5
14469075,uuid:885e6514-2bea-4cf3-9274-35fc462355b4
14940320,uuid:e8ab3416-55c5-48f9-9e8e-52cce4fc264a
14947608,uuid:e872f979-e32b-48e1-a65b-b29819178df8
14949573,uuid:a80ca53e-b98a-47f0-b552-021e028b442b
14960260,uuid:bbf03ad7-e037-4145-9fbb-daaa83e55850
1522015,uuid:cc9de516-309e-4060-a4d1-9a7c0795981e
15609707,uuid:cded3bfe-df2a-4e10-a19a-f25870173e47
1586059,uuid:9d19cf28-3a15-462c-aa7e-4b29bfc978c8
15901804,uuid:27d2fe49-7cf9-4c59-a52a-75da56e23dc4
15906342,uuid:21c97c79-f7e3-4757-b835-aacc00473d6b
16281450,uuid:88c01bd5-05df-454f-9738-eabebba851de
16582114,uuid:a23a85fe-8d70-4f3a-96fc-07be659fb203
16591744,uuid:018578e6-fc68-45b9-b01f-d9be157bc9c8
16591848,uuid:c5f30814-05fa-4bbc-a738-a532f1c24143
16607117,uuid:4f4f810e-85a8-4850-8aa8-707803e5fc6c
16633533,uuid:5c55f19e-d56b-433f-8342-7d152ecf39b0
16637843,uuid:10ba6753-3dea-4aa8-bd71-9032e534e949
16669439,uuid:f3ee8422-8b56-4dcc-89ff-72ab23043e41
16679467,uuid:4d8a18b5-a9fb-4bf4-aa86-b27197ee4856
16698500,uuid:c45af13e-339b-4ef2-9451-2a81d2683c4a
16708888,uuid:78e75596-6f35-4e35-adcd-8dd6e3925b50
16723219,uuid:94f13009-ae17-4b75-a56a-5091371e4810
16730078,uuid:faeb88cb-b2c5-4c19-a50b-ad3d3f68b31a
16749425,uuid:91ae0d17-ffcc-489c-9b70-f1bc91b3bd52
16751591,uuid:0f83cc87-0c60-4181-995e-659a2e179664
16761714,uuid:390f95c9-1594-483d-9826-aadf772ea8af
16768103,uuid:12c09e58-4699-4638-9d18-0c89c7be06e1
16778426,uuid:23c53280-28c4-41a9-aafc-25208154ef2c
16781675,uuid:f39bd270-ad1a-4565-b357-0705aa6b7d5f
16820143,uuid:786ed456-0872-4e25-91b8-28a29c6bd46c
16824095,uuid:a329b4c6-e148-4453-a2a6-6d4a64782c79
16827577,uuid:f6fd6d91-5788-4e3e-8166-6989bc7c2c66
16828126,uuid:e9070971-09c3-494b-89a8-819170eae2f6
16830582,uuid:208a04f8-da3b-47c6-83b2-b1ef46bc4902
16881076,uuid:845c96b7-02fb-412f-837a-f64d5d9f2aa2
16881275,uuid:f4f1ad2f-b472-4fb0-885c-5d51716d889b
16917385,uuid:a35d9aa4-7cee-4b95-a68b-c86b2d28f176
16936771,uuid:9bf6743f-8864-4164-9420-1fdf960f0ea3
17152604,uuid:8414c7a9-c8c7-4cc1-99c5-392b26e7fc1d
1747298,uuid:f5055b62-3d81-482c-b43f-96100c55670a
17632722,uuid:450de5a4-1d96-429b-bcb9-f008326d3f09
17808718,uuid:95f89646-2e3e-4380-82bb-16596eaf9a62
17849804,uuid:72996fe4-d6e9-4724-af1f-18b128804cfc
18932393,uuid:6272152c-35e4-4c04-a76a-414fb662f57b
19143848,uuid:8ac49b21-8e1a-49dc-9ede-0dc5e487fae9
19218873,uuid:f8fb5378-8628-4b5e-8c83-4726fb680f9e
19288937,uuid:3849f34c-d6de-4bbe-bd3c-a1dfcb493ccf
19582075,uuid:84cb341b-7bd6-41c2-bcfb-8b9533b48285
19596310,uuid:3ff01261-546e-4dfe-8438-752d8639f0b2
21308025,uuid:72c5771a-d2de-4ca5-8456-c1a195d79f12
21311154,uuid:747fbddf-4702-4841-b21d-deba157dd2d3
21386259,uuid:19d21507-3f33-4745-b878-5e13694bf631
21399690,uuid:865ca69a-6c45-4515-a421-57b3d20a3318
21400273,uuid:91c9c9f4-018a-4c4c-ac4f-cdf9522209cc
21451130,uuid:544232b9-c526-4053-b488-e73f9ed8f50c
21451506,uuid:89a47018-8012-46b5-8e03-6109c3d90d62
21464825,uuid:28e3c0b8-ba19-45f6-8562-6a2cc6d92cfd
21467983,uuid:a3ea77e5-3290-4e13-bc3d-68d943dc9d22
21469067,uuid:0fe7dacd-0c05-402d-abcb-694d2940b9ea
21499811,uuid:c2f81ebb-b8e4-41a4-990a-dbc2686a9533
21508452,uuid:311e22ee-6aac-4e09-8e0f-5ad07d0752d4
21521912,uuid:32e5df4c-d3bf-423c-bee4-ca6cd649cc8d
21559816,uuid:7fd2b91b-e3cc-4419-85b1-7e75ffb24778
21573512,uuid:3777cc24-c2b4-4174-968d-d49e1659857d
21575791,uuid:7d6f9bc2-c480-4a0f-b2e2-00e67d8e8e8d
21584884,uuid:a56efc72-9d8b-491c-8c8d-393033ac7bab
21610540,uuid:471da7f4-90ec-4d37-9fd0-42b43a730874
21620314,uuid:eff4abe8-c6fc-42a0-b661-6edba75df018
21691463,uuid:18565172-a2bd-40da-b0bd-858e9e7fb0fa
21693354,uuid:662a596c-ec72-4f91-b343-6176268bc6bb
21693424,uuid:8e86fbfd-bb04-464f-8eff-19139f9ffa59
21697016,uuid:44f467b4-936e-48be-984f-f01355d602f4
21697063,uuid:8795eed8-6571-4f54-acb2-6d68049aedd7
21697589,uuid:c3fbd640-8de9-4ee1-9fad-c6f117bfa642
21709045,uuid:d3171543-d0fd-4aaa-a39a-c1ef5642dc99
21744070,uuid:cd6ba61a-a572-4c86-b4ca-797e048275d2
21757096,uuid:67b7d99d-121a-4331-8f83-4b144515038b
21785236,uuid:e5c0f0f7-740d-40b7-87d9-8f917108f2ef
21792037,uuid:e3a1b574-259c-404b-9329-e905c734df00
21808751,uuid:93b69264-9943-45e9-bbaf-b7da82d5c30f
21808821,uuid:ab1071f9-3cfd-4828-a27e-576d8fe5590a
21809439,uuid:71069c17-6a21-4611-832e-1baa1b856f67
21812687,uuid:02c14503-a43e-4dc8-a1bf-cfd2156b26da
21816448,uuid:38da1e36-34b5-4c29-b725-1d3be611908d
21869006,uuid:8900b02f-d13d-425d-ae6d-63aff91ed161
21893072,uuid:8df4f61c-2f67-4705-b09b-04a961636d63
21906091,uuid:bcb04ccb-2ad3-4251-a0ec-fd36d29ea0a5
21910729,uuid:4d66a1be-b2a6-4fc6-b345-feba66c092f1
21910873,uuid:0aeb85ec-6637-4a07-973b-72e27a0b9845
21910907,uuid:c9e72634-1439-41bf-8888-391fffd983be
21912116,uuid:5f637a8a-4449-46b3-90c3-fa9400e5c5fa
21954148,uuid:5d7a6b4b-1aa7-4f7e-befc-b3d29673072c
21969109,uuid:7666a741-5888-4fd8-8436-6736fcce3090
21977327,uuid:700e1f86-7244-467e-912d-45afed18aec5
21977805,uuid:7f6a7bd7-0512-45d2-b9a0-9ba898186efd
22015124,uuid:4936b104-4b5f-4952-9f08-6592302d4d68
22032152,uuid:0bb2edb5-f7ee-45c4-b941-f8c720a6b0b4
22103917,uuid:2474d398-a08f-4200-9934-794f1c6e2d5d
22108850,uuid:15b96047-3d92-4f42-875e-d2ea24621cdb
22139441,uuid:6236cd6d-1eb5-4957-b3f1-be94738c38b9
22187123,uuid:f34aa569-3b05-4e1c-9283-d4869a2e8f58
22210262,uuid:729da3a3-1c70-4d8c-8592-10c3bc97d6e1
22222115,uuid:38664e43-0578-47fa-a529-319b185010b7
22227595,uuid:6e6d27a3-a6b7-4292-8fb5-b52c35cfb94e
22230457,uuid:7bfbd6db-51a9-464e-be4c-a042e66201b8
22294421,uuid:9a95033e-4f3f-4e02-ac33-005284adb16e
22295551,uuid:5892fd3c-c0e5-4ac9-b4be-70d8c0375d55
22304817,uuid:362762cf-df07-473a-abeb-9b841473226f
22313863,uuid:0655756b-f94c-4eed-855e-40d38229fec3
22317957,uuid:6da05272-f3e5-4372-8d98-87a24ce97ef3
22333001,uuid:a5ffa603-5a98-4d83-990f-1ff8998dcbe9
22351069,uuid:0670fcd9-3b32-472a-88f0-8308e3488e1a
22353868,uuid:70604bd4-0bd0-4ca7-be67-b848e64c90e0
22357171,uuid:61f9f21d-faaa-4cea-8d2f-db2d4983ca28
22362412,uuid:e7b4ed95-8d23-45ed-9726-415a09a2858a
22365884,uuid:ac525c38-682f-4fa8-9850-fbc557d3c140
22372597,uuid:3506f123-b4b7-4b47-814e-0dc32afe013b
22374314,uuid:7d34c581-f57d-4ea9-80e3-1af094fc69c6
22377867,uuid:dcec2449-391a-4d0c-b2f2-25486fdb9e12
22378889,uuid:c52f02da-4663-4cb5-85bf-25f4def38251
22383297,uuid:ac9406d1-b992-4bab-95ca-aa3602fd440a
22385229,uuid:1906dfa1-07ce-4480-aa62-5b7164bdb446
22393271,uuid:5091a924-7291-4c17-875f-b7110cdfa3db
22410576,uuid:53dd1997-1ca0-4505-a763-e0c722212ec0
22414731,uuid:2f2d55df-d49a-4a2d-8099-2e3413bef281
22414805,uuid:060fa023-a003-4b73-b88e-108e62fbbdb6
22415762,uuid:3e461175-eb11-4c7d-ab82-f32a5d4ea8b2
22420818,uuid:c8417f8d-3548-4b3e-a39c-016eaa8fa206
22421041,uuid:04616a78-b85e-4117-ba2b-8c527240f589
22421549,uuid:2dbd9617-8a80-42bb-bc7e-a17ade4a010a
22436611,uuid:a8c249d6-3d7d-4606-9e1d-f83cc7b42bc9
22440120,uuid:41e84847-6260-45a2-8750-723920115807
22442480,uuid:4cde8e45-932f-45cd-8f08-48dbc153d2a8
22445534,uuid:80acf00d-2a15-43f1-975a-a23a2cb79880
22446557,uuid:bb2bc1a4-6cc0-4eea-8636-d290682ee832
22446587,uuid:7a436f61-c187-4417-bf1d-bbd33507b04b
22446902,uuid:9ec1db4a-2910-4245-8377-e6596d795ea1
22466720,uuid:e8d99689-ce95-4b7b-8345-6568c753dfc0
22467946,uuid:15262017-003a-497e-9458-ab1bb04cc7ff
22468227,uuid:439ca41d-16ec-42f2-a008-4843ec9e6434
22474518,uuid:3b168691-e029-4740-bb62-84b2fa10b3a1
22478356,uuid:3d2c94cb-9c4f-4b2f-92be-8d34b14cca25
22502121,uuid:c198f215-22e7-4658-8358-f8d2d3b3a531
22502647,uuid:d9021e25-5b44-4cb4-8991-439729363fc3
22503243,uuid:77f0614e-3f81-4da7-acd0-9e017259d4b6
22505364,uuid:fcc49dad-e6d5-4379-bd8f-efb8b2a110c2
22506208,uuid:7e5d6ad0-812b-46a5-9ec5-5871283661e8
22506504,uuid:c6e96a61-3006-4e6e-bf5b-966aa813b023
22518128,uuid:d0e4f70a-f7a1-4087-b602-33b0b3eedc32
22527893,uuid:26caba6c-aeeb-4662-acc2-f4ba46f9691b
22532457,uuid:a0c3cc72-012a-448f-9cdf-970693d82e14
22532796,uuid:3e84435e-9b39-47ea-ae56-ce1308e1989e
22548648,uuid:d5d99851-2cec-4432-aefb-a928f340faf2
22563805,uuid:240991bf-7ec8-4159-bfba-5f97b7d6046f
22564910,uuid:dac3005e-a8d8-4ab4-8847-1d28b10ed5f1
22567435,uuid:04df3450-c966-4246-b0ca-388f16f48413
22590461,uuid:3b3f54e1-d68e-42b4-992b-8b8f929b4e52
22599446,uuid:1d8a1687-0640-4430-a903-fd9785a84246
22645705,uuid:d55419ac-8848-4a3b-a3b6-ad6ace99c981
22645794,uuid:c79a08cf-e4c2-40c1-83f0-e8301efd2f6d
22646716,uuid:2a60d080-96d4-4a21-ac86-4677d22236ab
22648878,uuid:f72633d8-29e7-4215-a713-4bb791be6f86
22650279,uuid:f29e7264-9e23-4686-92de-a4e7c0a362ad
22655403,uuid:d1abc81d-cc35-4c25-aaf8-930b75623e37
22703396,uuid:29c09402-67f7-43ff-8ba4-5bc4e360cccc
22712132,uuid:e852fd5e-ab2f-4b74-8135-eec46a00021e
2272778,uuid:2f271079-be0d-45b9-bb7a-897c4ca49c1b
22732410,uuid:866160c8-e685-445d-971a-d728915f5079
22733884,uuid:e651d03c-a948-4909-99a0-95a8e101236c
22736024,uuid:727d77ae-c15b-43ce-a3a9-7d0658530771
22738294,uuid:0969b06f-1076-4d36-9789-e41c0e2691bd
22739665,uuid:2818bb0f-50fb-4b50-95cb-ac2a958fed0e
22744065,uuid:69bffe34-8fff-4eb9-9ec9-d233a52ec3e3
22744721,uuid:6770f3aa-0739-4925-b24b-88c2b38e7177
22845935,uuid:bb1be6e2-212a-4063-a5bf-26457b7d14c9
22858815,uuid:e9f17a65-0102-405e-8d7c-1d67c0033a85
22954309,uuid:9fb8af0d-00fb-45df-9327-adac73bc0b6f
23070779,uuid:58ccd338-b4c3-402e-b42e-a16006618a59
23142186,uuid:05fb1217-1225-4cc0-8943-ea8e1a7eac34
23242735,uuid:834b33ff-c641-4e9a-abfc-372b46b372ad
24117503,uuid:a3758752-343a-4656-b298-241bd6ef5ebb
24529522,uuid:30fae219-ebdb-4798-ab0e-2e75b4287245
24552101,uuid:91936faa-17c6-483b-97c2-0e16e089034e
2484445,uuid:7eee34b6-c150-4973-9ef5-baf60785fd0c
24923028,uuid:605e8a0f-69ec-49d4-a58b-124839a5e1a3
24999258,uuid:7e72b837-04ba-484d-a898-ee00ffaec3ab
25036381,uuid:31bb0512-9a55-481b-a289-e020d183470a
25097620,uuid:54ffbf4c-7a4b-4c86-83be-8811c36f7e7f
25265831,uuid:3716c9bb-7952-477e-b430-d8a58abb0387
25340411,uuid:28c193a4-7f27-42a3-9e42-660ee09543d6
25340770,uuid:a56983b4-b20f-4102-80db-0e96522f146c
25351368,uuid:85034f98-810b-4e32-a861-13a373558fc4
25413263,uuid:9da1a0ca-7fea-45a7-8cc6-8d5c91869f2b
25485764,uuid:a5f809d7-18e1-4456-8cc1-54e387fc9b52
25487137,uuid:03e4107a-caf2-4d61-9fc5-101269c97593
25489365,uuid:190ed715-0032-463b-9329-1364adff3d76
25490780,uuid:2625fd54-327e-4f1d-bf50-f53beb1f9851
25492271,uuid:e5fd8aaf-90ed-4948-99bd-aaecd2583219
25619493,uuid:60939d08-b88f-44e8-98ef-640415eb6487
25638302,uuid:360a4d99-6a22-46f4-b30c-e24d38111794
25683891,uuid:5d680cb3-97dc-4d4d-8f98-b31c16c0e609
25741695,uuid:f93a635b-9eb5-4b3b-ba76-61edff28a13b
25954420,uuid:a17cc335-ebef-4d65-a08b-bd855378b987
26256330,uuid:495080e4-ccaa-4098-931f-43c20566a08f
26256767,uuid:4b4d5def-1bb3-458d-b212-2fe89b1ea3d3
26266401,uuid:8021c0bd-e10c-4639-979a-837442e58e9f
26393898,uuid:737bcabc-bb0e-4837-ba10-c36c5846ac2d
26718435,uuid:9b30abc1-d1db-46ac-b7e1-7f4f7a71eeb7
26757628,uuid:6e1c1a33-ef88-4b9a-b93b-4a05f00c2a0b
26757731,uuid:e2215391-0f99-4492-82d9-b04bca9ac510
2680456,uuid:7362c9ac-5bf1-4aef-9cfb-fda868d2938a
2699661,uuid:dd60891a-8d6a-4989-993a-07acad1087a3
27104551,uuid:d605931e-d54d-4003-ab2a-7f41452e25d4
27123795,uuid:d6cd7e47-038f-4d80-93f0-c0b5d4a7083f
2775711,uuid:744b092e-ac05-4cdd-8174-dd444a6022de
28588708,uuid:9b72f487-c7bb-43e1-9e07-ed249173f67d
29105566,uuid:c82b942e-dec6-4e41-abb2-3bcbc0247a45
29119222,uuid:a0b01fd5-3a7b-4875-a7f3-b39f78793a7f
29120687,uuid:e99214a5-f2da-47e4-bfb2-180fa19bfae3
29177698,uuid:280aaf30-7db2-4d74-b3be-c895fe043724
29178636,uuid:6118da37-a64c-4525-865a-071f5e4a7427
29179765,uuid:d2324ee7-1620-4721-8ee8-4f5b83d76ad8
29179902,uuid:5d91a04c-b37b-4ecb-b8bc-7bc5cf0cc424
29346502,uuid:dc4ce551-bfde-4568-a395-3392960365b9
29377098,uuid:325b24e2-b122-45b0-8600-ca7bac0ccd8f
29398776,uuid:0e1264c7-0fe5-4b52-b3aa-1bb09e3da835
29534923,uuid:02366d65-5490-4e3c-b662-1c12545fa1b3
29555202,uuid:24798218-9356-4d56-980a-668ada5edf54
29563232,uuid:3d63f22b-d5e1-4702-be11-b77469dcd3c6
29563360,uuid:e88b9816-8af1-4800-8c16-e5b631c6f372
29568155,uuid:1f1d80c9-d592-4890-96ea-4bb28208654d
29686407,uuid:a4212ab8-9d1e-4282-a4a8-8f22dbfcfb6a
29703356,uuid:3107d3e4-2ace-490e-82e8-72049aa7e65f
30402150,uuid:d6c12296-c548-4fe0-b1b3-f0e8fd86577e
30579593,uuid:73d8e7ba-b713-471d-84d6-d5b48b0da7ae
30855437,uuid:72fc4cb2-31af-4cd5-95b9-0e0b6a6dc10d
31162284,uuid:cd680c33-43f7-4c54-a444-ec23d00ee3e2
31214997,uuid:d6fd3da0-ca87-4422-8fe9-acb6e76f384c
31219519,uuid:4d78d518-a742-4364-bc99-8155232e8f61
31223132,uuid:91fc8833-e2cd-4b13-b43d-57fe1a10821d
31231329,uuid:ffb06c91-a57f-4ab0-bef9-459b222bd72f
31244762,uuid:0e3bc9e1-2e79-4a11-839a-2f3babffde6e
31248209,uuid:2712158d-c861-4c82-94d4-8b834da2df0b
31249710,uuid:5e5ef543-489a-4a6a-a6af-4f1ac35519b6
31255887,uuid:be0a0bad-a34f-4ef3-a078-4674c41d7afd
31264863,uuid:f24e340b-fce7-49c6-8257-b4f03f951e60
31264907,uuid:de9e16dc-ae43-4e6f-a543-bcc89a874cb1
31272555,uuid:e9241fc8-30c2-4eea-b7fc-62fda3af6dfe
31282345,uuid:b5d76f30-3169-4522-ae1f-5e2cca374b88
31282655,uuid:16e36490-d833-48f5-a087-f344b9632520
31288307,uuid:0b9899e2-6a43-4c58-b50e-8330157d6d4d
31289498,uuid:c279de5d-63a9-487a-bee9-9d918ef22a94
31295696,uuid:8f99d065-58c3-41bc-ba24-479cce5a6f90
31298525,uuid:29e6bcc0-cd85-4ef0-9462-c74a6e1a7ad6
31299759,uuid:e035367a-3143-4031-a4f6-194d4118fc18
31304801,uuid:39bab23c-c735-4ee4-98d9-303d19e7d7c3
31304971,uuid:7ed6605c-db09-4e18-b52a-1fd93c2f5cc8
31304999,uuid:738e7866-9555-4dd0-8dec-eeb93d3d393c
31400886,uuid:c05ac4cd-7876-45e3-b228-c6b00f70d646
31445562,uuid:47a24c51-9f91-44fc-821d-527ceb63d70a
31445743,uuid:fcc47682-9a81-4303-bce8-73fa70965771
31446617,uuid:1de13bd4-45da-42b4-8379-7de71b7e4cdd
31449382,uuid:4fbcbad7-79b5-440c-b3e8-0fccee175be0
31474654,uuid:12ece3f6-aa73-4abf-ae12-9bd51b959533
31524379,uuid:6c220c13-58f3-44c6-ac29-66a4fefd91ff
31525011,uuid:6d8e7735-4db1-416e-8b7a-9e92f0efc3d0
31525413,uuid:6e1be910-84ba-4b9d-a377-b0396f4d793d
31534174,uuid:603cc803-5f0d-4bc7-a158-e094be65fd14
31535355,uuid:9cc7c2d2-db9a-4bb1-833c-7e79ebeb247c
31537995,uuid:9a036a52-c1e6-4107-b056-132600562073
31574328,uuid:75391f74-2c78-4b33-af8c-5c353e8ca850
31577413,uuid:049a7e46-e8ce-464f-bbfc-6fa413aac06d
31578203,uuid:7e919ab6-effa-459a-99c9-b76532cf8c72
31579325,uuid:0f3fa77a-0a58-41b4-97a6-074397924ef8
31830427,uuid:635d22d2-540f-47ca-a01e-e5aa03ce53a8
31838102,uuid:bef89f4f-c42f-4852-a123-7a30017f8725
31844574,uuid:e2866685-8ba1-4a70-bd99-15b0f066a0de
31849780,uuid:d4232c9a-3c5e-42b5-a99c-658cb0fa7d06
31853274,uuid:39f6b582-fe3f-4849-b781-d8f3d5372380
31855498,uuid:ebd5c5e3-6dab-43c7-b57e-b6978a265ecd
31855556,uuid:25ab65e0-bb54-4123-8cc8-ceb0216860d6
31857033,uuid:c8222630-ffcb-4f10-898d-76a96f575abf
31857560,uuid:7c22194a-cdb4-4668-82e5-4883590ca1fd
31858321,uuid:9c4f5bb8-1608-487f-be93-f9cfe6898d97
31870926,uuid:7230d616-6f24-4ed6-a0b8-fa4a5465322c
31871549,uuid:b540835a-72e7-497b-bed0-cce50e50f168
31873574,uuid:0d3ed38c-d15c-4a8b-950b-7fc9c758e2ae
31876572,uuid:fb78e51f-aa14-4e26-9f9a-09d4a8026587
31884956,uuid:c5864c5d-0d7f-4a63-973c-fd9158dbe35d
31887694,uuid:a562fb88-6b34-4e92-aba1-945140f22e0c
31895484,uuid:39ed3909-af9f-446a-b734-43a13d3ec635
31902498,uuid:9bb653ef-20c8-4dae-89d6-605edeb1b5fb
31905712,uuid:290de94d-a20c-47f5-bec2-7d2f1d41c426
31909149,uuid:ce5ad7fb-fa3a-45be-a942-7c94a7b5751b
31909838,uuid:adb9f84a-6261-4d63-81b8-04f2e3649a91
31914369,uuid:dd109dae-cb66-4b4a-8932-e5be0aab4932
31916260,uuid:d6531c17-674b-4dd4-b01c-db9b0d209880
31923598,uuid:b5566c55-3e14-4a17-9733-9ae7bc825cca
31923606,uuid:67ae09be-ea98-48c1-9e72-ba88e9e930bd
31924208,uuid:65d587fe-3269-4e02-ad61-4979fb396f08
31925580,uuid:048f7500-aec4-4fbe-8f25-91faf38ce57e
31929380,uuid:db735358-4432-4ea2-94d2-caecfae2af0a
31931128,uuid:8e56ae7f-53ac-4ef0-95c8-12c23acfcab7
31948620,uuid:9f043400-aef4-4308-b44a-bc6e17cab158
31959597,uuid:740354b6-e432-4cb0-86c6-73e7494fe728
31972147,uuid:15d52d24-b482-4916-92bb-9d32fd936715
31981946,uuid:db2f37d7-2898-414a-a69f-361734b721b5
31983781,uuid:3f5f8f92-ef5a-4348-bb00-c7f64ab9b45d
31992224,uuid:81966b61-4d81-4d55-bdf1-cf7e5addef6a
31992747,uuid:c5ed8e27-947d-429d-aa33-a28b0aee69c8
32078660,uuid:1af0ca5b-c2cf-4ac1-9914-6f858fc79647
32102790,uuid:31b125fd-619c-4cdb-84c6-dec87aef474d
32118138,uuid:73ec0b4d-022a-4cfd-b125-c022a70b2b0a
32144313,uuid:8dfd738c-a3a9-4a4b-af3f-c40341c9621b
32182047,uuid:0bc6805a-8e91-42fb-8314-d929ae29e270
32208850,uuid:0fab717b-255b-4c1e-b95b-89fce512928c
32255078,uuid:819f7577-c0c5-4ba6-b2d4-81ad432bc29f
32255448,uuid:c813312e-85b8-4bde-b81c-e28328cde43f
32258550,uuid:130e81c0-ab0f-4e06-a210-8e0409fec309
32285101,uuid:ea25e452-e88b-41c3-97ee-6cf60c5986eb
32285912,uuid:55560820-ffc7-4ec0-b604-00449eba587f
32323288,uuid:9b63a14a-02ba-4df9-97d3-901acf39f732
32342765,uuid:c7bfbf33-d243-4b68-b864-bd9ebd33760c
32358114,uuid:3f08cf99-7f25-4d3e-9839-1c671643edf4
32358159,uuid:f85a68d8-2ab3-4ee6-9971-7b42ee294cd4
32393942,uuid:232c2203-258f-466b-8c53-75dd9571c55b
32409494,uuid:c3a136ca-9d67-4da3-bd41-5b8c9d74a797
32422939,uuid:7d12c172-cdf3-4b94-8464-a86a00aef5b6
32430020,uuid:5c244d11-6c61-46c2-bb74-5bef2c02eb40
32452654,uuid:20295119-7368-4873-bc49-454e39513e1d
32455454,uuid:82ecf8c7-d675-4f30-923b-ea471dfbb638
32465235,uuid:01c4265b-d3ca-4cee-b161-f5055b37e08e
32479953,uuid:b23e96b5-c42d-4c00-9551-31e19013cc9a
32487224,uuid:9f750f04-eb10-40a6-a1ca-ece09016d9ed
32487899,uuid:2dbf3cfc-0466-4964-91ca-060e84aa7727
32500559,uuid:2121f5c9-2855-4b31-9b3b-0b3903ffe288
32500696,uuid:57b13c3e-d6e7-412f-bc90-25eead672fe0
32501795,uuid:6832d302-07b6-4c16-8c8e-74bd1f59d45f
32513453,uuid:dce6af3f-2b7b-4970-81e4-b2ad906d128c
32516837,uuid:36ad748e-c9b5-4172-b15a-eedd472f1cb0
32519087,uuid:2b137a1d-9381-4b3c-ab25-a3627becccdd
32521000,uuid:06f13133-8b06-4c7b-9129-2b91425f1374
32525563,uuid:928b54a3-14b9-46c0-a967-db4eced36425
32526054,uuid:6de89674-9595-4b53-853b-43fa4a002b69
32529962,uuid:578fd958-ef3b-4ead-ac88-163f7eb46071
32531832,uuid:9214f080-1caa-4c28-aadd-58adef414dc8
32533675,uuid:1129df0b-c70e-4a34-be40-bca028e154b5
32535369,uuid:9fc9e3cd-d13f-44e0-916a-53068175e303
32538485,uuid:af4070aa-2364-4c80-b7d0-4cd55ed782d4
325743367,uuid:7b75e518-324c-444e-96c9-8689d271f193
32580754,uuid:b31c8e65-81c0-489b-9fd2-0cffb4fec253
32609231,uuid:c414241c-97c7-4bb0-9473-e30cdd9824bf
32612783,uuid:75892414-8c7e-49a4-bd09-f30a7de1fa59
32613935,uuid:e7d25d7b-3081-4121-8abf-c3f2a124a247
32619848,uuid:be08485d-915f-42c8-93bb-f235c24427a9
32620693,uuid:4e27f11f-fb13-4e21-aedd-808cc3504e26
32623209,uuid:3a4df829-6b79-45a6-9386-beb4d146508d
32627098,uuid:19369ec5-88fa-4597-8104-c0a9176c108c
32629512,uuid:46eaf9c3-6655-4d98-8b6c-3dd48a69c7cd
32632016,uuid:bb3dba33-bbd2-479d-8a5c-db4047829a37
32634688,uuid:215e2fba-4c00-4265-ab9f-4eb3aa2ff8f4
32635477,uuid:42dc58c6-aa2a-4ee1-8b22-9bf71b31ca14
32636512,uuid:6c51d6d9-64d1-419e-83bc-30b6bb8ce140
32636575,uuid:d812638e-ab47-4fd7-80e6-b8fefff64f4f
32639743,uuid:fd3620de-dc1d-43b0-9f13-abf17858b320
32639848,uuid:6bca6a62-16dd-4a09-9704-0f4dee8c7640
32642312,uuid:18be2f71-9a31-40a3-844e-199d0b6538b3
32648994,uuid:88b91c9d-6321-4988-ac03-ff977703ff65
32649402,uuid:f3b1b146-ba62-4364-9325-9cf02043ea40
32650703,uuid:fce8e591-116a-4295-8919-93ac2f911606
32652678,uuid:d0452e4a-bda5-46f3-a352-2beb16cf7c7d
32657122,uuid:d4b4c616-e53e-4b67-affa-e9bb77011a40
32661084,uuid:ad96ba8b-99a7-4d00-a9f4-c044484b60de
32661700,uuid:6c0dac5a-38fc-4ee7-94dd-1cb95b8d2110
32665786,uuid:a073a28b-c2b3-4373-8c35-3f29b6442075
32673448,uuid:a9a1bcff-dfa1-49f4-a013-85c843c085da
32674359,uuid:e479dba4-a5cb-48aa-9d52-693a401680e1
32674864,uuid:3b2d8324-fbe3-45b6-aa43-9084efb1fef7
32676566,uuid:819d2b83-d9db-43d6-a840-95f8a406b025
32678914,uuid:99fc0b2b-19ea-4762-a308-79ce89345f44
32681585,uuid:7c30fdb7-2c94-486f-918a-e81cf454bb10
32682939,uuid:fc7c41bd-570c-4bae-bb42-7358d35cc998
32684085,uuid:01874ea4-30c2-4fbf-918a-d062d22ecef9
32684827,uuid:55a03df4-d37a-4372-8b2c-8dfd92616ba4
32688218,uuid:0db47469-2ad2-420f-a15e-fa209d653ab2
32688521,uuid:5538a2cb-75b7-42bf-bc07-7067f78a1a61
32689210,uuid:d72fbf97-afda-4eb6-84f5-fb8a80663358
32690815,uuid:34376d49-326c-445a-886e-ee0a398ef01c
32693059,uuid:90d7644b-303a-4ec7-bf40-9a1f7f0a340b
32694200,uuid:82e2211f-32a1-4b93-82c5-8981d1fa4915
32694457,uuid:579d1d9d-0390-4f20-9627-36946e7eb8e9
32694900,uuid:a5b3d8fb-df3d-4d23-94b4-10f87cb3f6da
32697995,uuid:ccc2d653-7bd3-4a00-b8a9-5136c89664a0
32703275,uuid:372b58fd-73cd-48f0-a91f-90c617e6c312
32705837,uuid:8f45cd11-2ebd-4b9a-ad70-364668339380
32707038,uuid:4acb5cf3-4a75-4ccd-ad4d-1cd625181093
32708738,uuid:438f0ed9-2c57-4a82-ad23-8381f001b17d
32709507,uuid:556cc089-4268-4571-8b0a-2cc4e0f2b16b
32709662,uuid:75d4668b-7afc-409d-88ab-20cf38260037
32710701,uuid:6bb04962-681b-4bb3-800f-e3e8b695491d
32712481,uuid:9787cbb7-82be-49d8-970e-f57410412371
32716378,uuid:c1758adf-a274-4e72-88bd-29b4dd2fac21
32717266,uuid:a7a314be-9b9c-467e-b417-83c0c6724b3a
32719297,uuid:288d55d5-a8b4-47e6-a548-5e0d79241a1f
32727855,uuid:5b7bae73-5284-4a55-9152-b4274ff8c367
32729377,uuid:28f24fac-5c27-43ea-b48c-d3d56dd6b239
32730886,uuid:b933d2d8-d54c-4e39-8f98-7baf61e80442
32732227,uuid:a5b0f3d7-bc5f-465f-b993-9f978cfdbf54
32733938,uuid:7aa5652e-bab3-4318-9eff-60ca8a8ba829
32734044,uuid:8bdf1c8e-aa98-43c4-9149-d25e25b82941
32736975,uuid:4609c278-6f16-40ab-ac9c-2bf77dd13af7
32740221,uuid:f0e9c88d-ce9f-438c-8321-742ac9941900
32740279,uuid:f3d55a7f-76da-4865-b7d4-531ce5d4b3ad
32740999,uuid:e67e47ce-364c-4723-9174-fdfdfa1ae600
32741994,uuid:8d1eaf10-204b-4207-ae1b-8c6f582dd610
32744428,uuid:48b2b192-43b5-415f-a40b-56e2a66bf4f5
32745229,uuid:da2bba41-da7d-44c7-a034-9efbf44050c0
32749067,uuid:25189f20-787e-4134-ba01-5460825e29ab
32750464,uuid:49e459e7-515b-46e3-a6a8-c8e58b1ce9b3
32752555,uuid:d3cfd5b8-3e3b-45ea-95f2-7ca086748b67
32754634,uuid:c4b11758-1831-4b99-80cf-971ad165e5df
32761116,uuid:efe4dfa2-9cf4-425a-81aa-1e4c17ae49ee
32764598,uuid:5511de46-9aa5-43ca-97bd-96dedc5f8533
32766298,uuid:0f21abc0-8fb1-4adf-98bf-be1954106945
32766429,uuid:49873a88-129d-4df5-b198-70fd6e5470d9
32771620,uuid:05db0cc0-7f61-4ecc-b84d-914ca2773f01
32772911,uuid:d97df007-7cec-4570-ab96-aada31e609ef
32776426,uuid:163bbc32-ccf6-4234-98ea-8333313b6152
32776499,uuid:a949ad6c-85bb-46dd-a725-935b63ab8846
32778590,uuid:b07f7bb8-d2b0-4b1a-bc7e-cdb6da40340b
32779874,uuid:d29f4f42-d44a-4c80-9cea-3349e164e82d
32783129,uuid:41f4885e-ecc1-4859-9578-bc1ae5f68ec9
32783639,uuid:9a5f7e96-723b-4a7c-b651-69296a7521cc
32783797,uuid:8cf86045-27ef-4022-8e90-4a1da4c278d0
32783861,uuid:3fbd8de0-f7e2-4024-b96e-b945847968ca
32785097,uuid:10572189-f473-41db-81f6-99b9502d1154
32786242,uuid:25a576c9-ba60-4700-8076-1b62aa0d3fcb
32790051,uuid:fb1e7692-f827-4630-a920-01994ee1008d
32792195,uuid:621b28c8-6e05-4171-9535-3f528b21be88
32796944,uuid:2f018af0-e99a-42e2-92ee-3662a4e795ef
32797627,uuid:44d67ff6-a7d0-47dd-9ade-452e7a26aa80
32800662,uuid:09424888-0782-4c8c-9239-adab9d98ec9c
32802610,uuid:693df458-cfb5-44a4-9e7c-0e9438b771e9
32803448,uuid:60a12816-893f-4b24-b35b-ecd85c701fa0
32803484,uuid:23910091-0735-4ba8-87f0-08b01035a531
32810131,uuid:b0f5474c-7035-45d4-973d-f43510a7f515
32811740,uuid:ed3b1e96-17b5-4a9c-af30-8d106f43926f
32812129,uuid:5b1aaa16-2de6-47e9-b155-0f5221d6fd9e
32812890,uuid:1efd06ea-225e-48af-8509-5fb892951f04
32817186,uuid:13d87abf-f226-4213-b917-e66300bc0bf9
32820161,uuid:cd8cc30d-9dcc-463a-ab1b-9be46c0d6b38
32821469,uuid:c6830b3e-b36a-40e0-bc76-fa197682a84a
32840396,uuid:95f5f393-a6a7-4cf2-b641-f58fa6f2cf65
32842694,uuid:bea75178-114d-43e5-bdbf-e16a19baa310
32843461,uuid:87325b0c-b722-4d87-ae61-ecb6a64bc508
32843467,uuid:a1c2642e-2d35-42db-bc16-e4b17d1f921e
32843980,uuid:b3871c63-8e9f-4474-96c7-7e45d2a1f799
32844160,uuid:6c1d37f9-7381-4d2e-af2e-a700ccea1caf
32850495,uuid:06a69c0a-c684-42a9-9550-5644cb10ce2e
32867107,uuid:441a94b9-6059-4856-adb2-88db45811698
32873927,uuid:2581afd3-4122-40f5-a552-8c5526d657d7
32876516,uuid:603ab487-ea40-489b-8f8a-23eb541b343b
32884029,uuid:7076e008-c334-4571-aedc-932d2f4d63e8
32884556,uuid:66c0edd6-f5b2-4612-b933-0ed6912836b8
32884723,uuid:5b3eaa33-a004-43a7-b6d4-f515f2e3b54d
32893688,uuid:bed45ff3-214f-4660-9aaa-43ef59282a43
32894006,uuid:ddcd6e52-9661-4b43-ac92-c974c9e338e0
33107491,uuid:12405b5e-0ad3-486b-8097-2daf167c463e
33172386,uuid:7bbd2c2f-142e-41f7-aa25-74eaa68d864d
33255246,uuid:b97ef6a2-0cda-4598-b40b-237c897c766e
33428029,uuid:89393956-f941-4779-92f5-82aa086ed4b0
3430889,uuid:d4786894-b629-42e4-b232-fc1633f2744f
34400184,uuid:4ddcca12-ce7e-4262-98a0-a7ff2031181e
3445785,uuid:5989568f-095d-4e78-bc79-4cd6c800d1e4
34503573,uuid:fa518bce-f84e-4dda-8264-8e8f1a43be22
34515416,uuid:8c0bd9c4-97b9-4509-8efc-e6f8d5703af3
34572562,uuid:d087c812-8f5c-43e4-aed8-e10bfbe6e068
34573715,uuid:5cb0f117-461b-484e-a2a1-bfee560b315b
34690139,uuid:ff500b69-cdf3-451f-b278-7a60b62dd545
34977363,uuid:7e4e41f7-cc9a-49d1-b2c8-8ae34a30f1b5
35546366,uuid:0f231d72-237f-4128-9471-5271b99a9317
3569578,uuid:8ed3cf91-d78f-4417-901d-a0230172af8c
3575338,uuid:c2a392d1-2e86-4ca7-af87-5ca86d3294c6
35990267,uuid:042c5613-1a5a-465a-8d11-2ea412074970
36489408,uuid:89d2857e-ef6e-4042-b572-8ba6e09b0949
3655663,uuid:30a595b6-65a0-4b2a-9aba-e62cdab87047
36594665,uuid:85e8bd4e-d24f-4eb3-8b51-c5c12327aea2
37075013,uuid:d6deda91-ca65-48aa-a620-86b27d63b514
37236302,uuid:6f3c31ee-6bef-45cc-a0f4-894f427df70b
37253427,uuid:6ecf6fe2-d3d6-4c9e-b1ed-3010aaaac518
3774099,uuid:c7a4911d-1a49-4553-be4e-d2713efcb80c
37926108,uuid:4982853c-166f-41a0-8cf9-71cd9b66c77e
38551583,uuid:310c4f4f-4f3a-4c50-b797-7b61e12e2f63
38558662,uuid:6bdc6b1d-86be-4677-8d49-6ac0f192f518
38561325,uuid:d267a200-d6a8-4a89-be7f-6f5117877910
38567213,uuid:81fba4e5-6a37-4271-b25e-2aee80218ea6
38601290,uuid:cf345d80-3701-4079-aad5-bca9f3f91508
38604490,uuid:bca7a216-c1c5-4fff-a782-df8f508bd346
38641010,uuid:9852a8c4-e895-45a8-8ce9-01d99e0efe72
38642608,uuid:8078ccaa-4160-4813-9576-20e7cc39fba2
38665695,uuid:dabeb4bc-d9d9-4994-808d-d5c742efaaa9
38667116,uuid:e8f484ff-aa1b-4550-8e2d-856b332edec2
38667243,uuid:99278a78-7911-421c-b848-3a8083acedd0
38668909,uuid:f0f02033-a715-4830-bcae-a7f288cc15c4
38669358,uuid:401e0cd8-210c-4916-85f8-48002c94cdd1
38671487,uuid:0233d880-56d1-4695-ba18-f32f1c523554
38892442,uuid:ff749ab3-7e54-4060-8ddf-7fc43e698ea7
38941394,uuid:3dc6cd63-6ab8-4dc6-ab4a-a7f627eadbcc
38942002,uuid:fc12bd34-0930-40e9-b290-439aeb6f49c8
38973256,uuid:0024cc43-e6a7-41a5-9c72-73943c942731
38980483,uuid:12e4cdc5-7629-4310-a5b3-12f4ba2ba1f7
38992016,uuid:86826c2b-de21-4288-9b31-bcade65a45d9
39177963,uuid:a9d44879-7831-49d1-aa4f-f0a4be9b2cfa
39179753,uuid:373f6e38-54cd-4ab6-838d-e326c2c63ed6
39268214,uuid:8032d155-c2fa-41cc-b88a-a27ffd859b12
39384513,uuid:b717120e-cb15-4311-9082-1408cef136d0
39387899,uuid:29f4e11d-1149-430d-848f-7b93506196a9
39435019,uuid:6a2125c7-e37a-4856-a5de-610133841b26
40765438,uuid:60f44279-bd3e-410d-8271-2775a308b355
41631902,uuid:eaadf934-0946-42b5-afa4-2ff6a6649ac1
41632550,uuid:3806f868-9e32-49b7-a0bb-3c00a02c5933
42008677,uuid:2b3618e8-237e-40d7-aebe-d55235e64d5d
42061051,uuid:7cc4cc04-789c-4230-869e-76d27a7ef168
42128788,uuid:a3321234-c1ec-40ee-b659-830f137d4c29
42271248,uuid:64b93be2-a574-427d-b259-c13d070657b4
42701708,uuid:af10edd8-c3c5-43ca-aed3-07f89ac0e4cb
42762856,uuid:c4e9854e-d0b5-4b3d-b90a-0b4ac8e3e7ba
42767896,uuid:e88a3a51-a703-4d18-b7f1-9d62c8f981f6
42772039,uuid:70d31f7d-9b33-4c09-b842-527120aeed06
42792571,uuid:5002281d-0604-404e-80a0-b1e8d8267896
42792823,uuid:e6c8cf24-7ed9-4a0c-89c5-66f299894f55
42820074,uuid:68ee16b1-38e9-4c44-9d77-4fc50667b255
42884497,uuid:2cec1a65-946b-4b65-bcfa-19de57125c03
42892754,uuid:5bfd2359-d98e-4838-968f-290f1e6af41b
42973581,uuid:ed4f7649-2206-49f4-be93-dedd13a84fd4
42977679,uuid:b0942d9d-e027-43bc-b300-bb586e3b0096
42979655,uuid:049d6a75-bf34-40b2-9339-5b7cfa95b7b6
42981495,uuid:93774b79-03e1-436d-bbf9-95debed62250
42987727,uuid:56920d32-3ee4-431e-a79f-512b9e321d51
42991676,uuid:91918dfc-2b7e-446e-aba5-779073cdf4f4
42995862,uuid:706ade6a-b32a-4548-868d-cd3324fcbd14
43000384,uuid:b4830db7-a8f2-48b0-a8ae-2cdf6f75ed36
43011082,uuid:7fd8cfc8-a07b-44ba-943c-f2d1b86c4477
43025963,uuid:bae24dab-5a58-4dea-9d8d-e989370a2eb6
43030246,uuid:e30bb301-af9e-493c-a905-36cc813b74f4
43033841,uuid:a1701157-ecef-4df9-ba8e-5e8e27a2db37
43034542,uuid:d7be99f7-5710-46fd-accf-00b7af94abbd
43036224,uuid:d7bbd056-6d8c-4a0c-911b-afc6d28fd0d7
43044407,uuid:8b306217-2f23-473e-a166-76f47550b2c4
43057779,uuid:dbcee296-e6f2-4166-80f7-9e4e0ea6752a
43062092,uuid:58cfc8da-f995-4a66-baaf-850a42a7c005
43065696,uuid:6f203ebe-34e9-45f2-af3c-3eb36b6aefb5
43066439,uuid:06e29dc1-d2ec-4b1a-8cfd-b14d4da3404b
43066481,uuid:dc2fa3e9-ec94-4ad1-abaf-91f2fea14b6b
43066859,uuid:8a6e3082-13e8-4ef2-89d8-281f07b496a5
43069093,uuid:5190e576-aa66-4f8e-8be9-f08b8b3a182f
43070425,uuid:41e8c764-de8d-4887-81c1-0517ed2c60a8
43070884,uuid:e79f97d4-0fad-40ab-9541-fc6df84f05e7
43073733,uuid:89421872-9996-44de-9c71-a51744b83f67
43075851,uuid:14b18d81-c95e-4726-b914-a58cefc10587
43078979,uuid:24f4ae99-c5ed-4b25-a4b8-ca0befcc2ab5
43083979,uuid:7ca361dc-d210-415c-abba-2f913ab25d7e
43085567,uuid:65ef1798-9cd2-47fe-8bac-a3e638cabf39
43085637,uuid:a9f9397f-7e08-4e24-9a44-b0ea3e17c2a9
43097896,uuid:7a9d3f14-9627-4e6c-898e-5d8ba72bffc4
43100548,uuid:d9a3d33c-7834-4e51-a2f2-8d56907efcca
43100739,uuid:b6fe5a93-538e-4ad0-9299-a1735d0d7079
43101586,uuid:b54fb7a9-cc14-4648-8024-0972cb319a1d
43117917,uuid:628086e8-59d5-4b8d-bbfc-7d934da366ab
43141643,uuid:3f5f20c2-71d8-4a79-926a-6ffa1d93270e
43150064,uuid:c2e099db-49bf-4b8c-9555-d2dda442d099
43152836,uuid:6d793324-2110-4f43-a7e2-451a2ffb605f
43159959,uuid:fa49d8ea-a9bf-4c07-a89b-ecd57e8914fc
43164479,uuid:3b121375-fdd6-4ce1-8ba6-94a6c0b2becd
43203228,uuid:19c9da1f-2b0c-40c3-af01-ee63db4c7648
43205365,uuid:a73e539f-fa90-4f72-acc3-2925c5f6b54f
43221546,uuid:e2583811-7ed8-426b-b1e1-9ebc34394f82
43251278,uuid:2f137e4c-cefd-40ab-a411-28ef7c14f6a4
43259030,uuid:8bd6e4fd-017c-4ac7-a6f1-081a7bb1357d
43262338,uuid:5e60171b-86c5-41a9-804f-c25aede1a9ed
43265078,uuid:fcbdb0fa-9ccb-4c19-a1cd-3935ec079d97
43268570,uuid:b712770f-8edf-4f0d-825d-2711a3b82b29
43269156,uuid:13f59e9a-a57b-4f4a-a64e-f783f86f9d8e
43275340,uuid:4531cb1b-dc9b-4bd1-b158-d1bab4a85710
43279706,uuid:139c61a7-ea06-41d8-bda5-70df4089cf80
43285019,uuid:cc0d094c-aed1-4c04-a13a-ee905cced17b
43286202,uuid:d580a7b6-0abd-42f8-b162-6af9d2526c12
43347982,uuid:bee29f1d-4dda-4362-b6ee-b4cc850fedff
4335238,uuid:8078c2c6-00e3-48a9-87c1-c94e1504aee7
43380042,uuid:58447766-6054-48ed-83f1-6b0b18adfef2
43380718,uuid:c07c1ba0-5091-4d68-a5bf-fec6aefa707e
43381458,uuid:4a28a22d-8293-4273-8ece-d63732226cb2
43381830,uuid:ca18e835-ab39-4fa2-8d04-bdf8f9a6795d
43382433,uuid:c7f2ad36-3388-461d-a528-111c775ae7f6
43436157,uuid:2e3c814b-4407-4151-bc52-043c7bf16928
43441449,uuid:c5a22531-3276-4ab1-8f38-28cec872b297
43446714,uuid:1da14cb3-160b-4c5d-8b16-9f47813375e0
43447606,uuid:933ca9d8-e4f0-454d-b043-68b323ded622
43455918,uuid:02787c70-f20c-4613-9f11-a6c929119ce7
43485410,uuid:160d7744-641e-4bc0-8818-0c6e7ed33120
43489779,uuid:23292c35-452d-45b8-9364-da29866dfd4a
43500072,uuid:fd181d5a-4456-4d98-8592-edb164a0a471
43510710,uuid:e90cbf70-379b-4f9e-809a-0150b572d79a
43516112,uuid:284ea385-2b98-4fc8-b5cf-932ea2e64289
43524391,uuid:4bd89673-d0c8-4869-9759-3466a8e2e50c
43533488,uuid:9ae87be2-811d-4ade-b64e-44aabfedc9bf
43533978,uuid:a4400166-3cb7-48a1-aee5-d9e83fcec053
43534027,uuid:96a9ed0d-73cb-414f-9da3-0d80bfa8dec1
43534342,uuid:8eb32660-2ada-4ef9-ad10-2fc327e06519
43535348,uuid:355c8dff-c16b-4ca8-bc5b-efe2b9bb4c33
43536319,uuid:2c125c96-9fef-4f44-96a0-13c600143f14
43536648,uuid:c1553718-c4a9-4d16-a588-96a434455fd8
43542284,uuid:5135f2e2-2150-41e3-b118-f8c911258fd6
43558865,uuid:fc8ee0b8-3ded-497f-99b0-10121f2f63a2
43558878,uuid:ad4b49f0-257e-4dd1-9ad1-d4351c5a20ff
43563684,uuid:6a532ada-5fe7-4a9d-a0db-076bb5586199
43565062,uuid:c4e479a4-4539-4a85-8488-ceb988d9ec9e
43565594,uuid:a8f38b00-f195-49dd-8af6-6abb83e47123
43566435,uuid:93abb9f2-da1c-4d63-bbc8-981f2e9f6501
43567075,uuid:1040c198-9a61-4c90-803f-9468fc188c89
43570005,uuid:51bf98da-24c2-45e2-8a4f-1ff36acfb18c
43582831,uuid:045566a0-2080-41b3-8776-1cfa605c6b22
43589509,uuid:2311e987-4d51-4a6b-b82b-202d707a0a2d
43590647,uuid:150ef0f5-858b-4970-9d53-04a7ee4fa868
43594778,uuid:63afefc4-452e-49cf-959e-750b2a25d173
43595028,uuid:27973280-b0aa-4a3d-a4a8-91e04ebf938d
43597042,uuid:3c78b53d-cf7e-4bea-875e-aa548b31dd2f
43598403,uuid:b386637c-f54a-4e28-bbe9-2c1478c44b05
43600211,uuid:63d0fbbd-46fe-47e4-a427-3b92743f275d
43600567,uuid:f426751e-8eb6-4a96-9896-1bddeaa039d0
43604079,uuid:e9078558-89cc-491e-869e-722aac50c4a6
43605902,uuid:0a362bc7-cf7c-442e-9687-86293572f715
43607068,uuid:a3e13150-7626-480c-b5df-798d82422da8
43610680,uuid:ece754ee-bd3a-4982-a1a9-6ac92c78887f
43611767,uuid:6f2e5bd6-b2dd-4b25-9d7e-87cf91365172
43613777,uuid:ba995fc3-57b8-4766-b6e5-9b8a864ae0d4
43615569,uuid:66f10b68-2124-473b-9f0a-77d055223da3
43632097,uuid:6a25364d-0b6c-4fbf-9dff-3c883ed233ad
43634284,uuid:609e5ad5-6992-4606-9c3b-ce0a981b0dfe
43635359,uuid:72ec8c48-9164-4942-a1b9-1ae4e5407131
43639779,uuid:ba7168cb-7907-4e37-9f52-388823b4a0a4
43640603,uuid:3297eecb-0de2-4a2d-bc72-5293cd730dc6
43643362,uuid:da36a3d0-861a-4818-893c-975ca4568af1
43661822,uuid:0f416b56-6661-4730-aec1-1396594bb081
43662572,uuid:90b06ae2-8d81-4035-b5ca-5beed339abc6
43672851,uuid:65bb4ebb-b62a-4c33-aa59-cb49377d85fd
43681503,uuid:6faa4ee5-bf08-46cc-96ca-df205fe74cd4
43700046,uuid:9b060f78-5b1b-4254-acf4-13ecade438f5
43733194,uuid:b473d7d8-e53c-4f8d-a6a2-56525f26c152
43750015,uuid:e4a65f5e-92d9-4cb6-b902-fccce3a4706d
43752818,uuid:e09365b8-5a01-4170-9135-a080f66bf2cb
43754194,uuid:9e8ae2ad-4e94-4076-862d-e080b0570f3b
43755833,uuid:206aa267-af77-4667-9d24-412ff7057015
43810860,uuid:62a84e97-b278-447c-b994-fd469ea28240
43826103,uuid:43bfb954-d528-46ef-87a0-c48d6bf9d4ad
43836211,uuid:02120c45-64bb-42e4-ac3a-b796f29faa2f
43905793,uuid:3c413b1f-3aeb-4162-b880-ee47cdbde517
43907166,uuid:bc47c7ab-ff5c-4728-bd4e-22ec03eca61e
43912061,uuid:56d329a6-aed3-46b3-a882-d992b7d68aa3
43913057,uuid:306d83fb-e61f-4ad2-9a5c-dd8ed6821394
43915081,uuid:f32477ca-e23a-40e8-a97f-bf4ba1c93b0e
43922866,uuid:5e2b558b-0179-48a8-94bd-0cb2b11432cc
43924916,uuid:62c9ac02-6c9c-4e86-81ff-68f4d72cc303
43973029,uuid:f69cea88-197d-4c06-ab70-d2158daf9c6f
43991863,uuid:ec50821e-b970-4ca3-b5cf-0f96548db54c
43997530,uuid:cc032ade-91ed-43c6-a3e1-e2705bccf4bb
44002874,uuid:eabf838d-b7c3-4e55-9e1f-f41b671c1f24
44003061,uuid:aca16200-22b4-4557-93a3-9ce0ac18b6bc
44008242,uuid:6a607c09-ae7c-4165-b0ee-f685b85ced2e
44150186,uuid:e53a7bba-b4d8-44db-b2b1-40b7a1676711
44158176,uuid:4c351efa-3d9b-4419-acb4-6ae11bff815f
45465247,uuid:4d7468b8-50f0-45f6-b602-f8cb4a598ac3
45509337,uuid:52209fa9-f5f0-463f-9b19-424479a942e7
45578869,uuid:6d40c89e-7c4f-4b0d-a74c-a5f35bf7ccd3
45584758,uuid:d75812ec-f06c-484b-ae30-2b2f9dd54b87
4698774,uuid:5af8d4ce-586b-4589-a82e-176012d81d4f
4698828,uuid:2f3defcc-1688-40e3-8957-2f75cda0d229
4721794,uuid:d46632b4-365f-4f87-9f3a-af7a47431e06
4755752,uuid:5fde7da8-d4f6-448f-a714-cec7f4702d03
48571448,uuid:55b3b3f0-c4f1-45bc-8a1f-4fec1a7813f4
48612619,uuid:522311c6-6160-4c9a-86ba-afbf2042e617
48614162,uuid:0a7d4e24-192a-45b3-8640-bdda79041f33
49670234,uuid:32f473d4-3c8e-424d-b086-8f16892441e0
49691954,uuid:3ae2b723-4cd2-48f6-86ca-b5dcfc2ae49d
4995718,uuid:64d40d88-3869-4801-9817-7671ef6c9b9a
50947411,uuid:3c49b220-a7d3-4ce4-ba5d-9bb06d55b221
5122512,uuid:38b53241-4d4b-4a8d-92a7-e7682f73aa87
52136819,uuid:3c0a7eed-f0b2-4636-bd9f-8714eba258f4
5217736,uuid:58af7b99-29f6-4bec-97d9-718af6e71579
55221885,uuid:87584078-304a-43f1-a210-0dd035601b26
55226186,uuid:39ec7b6e-ee91-40d0-8eca-d55603c548a6
55228378,uuid:c15ad13d-edec-46eb-8f1d-8af06265129f
55231073,uuid:7fefe1cf-0079-43b0-9c82-2aca3037a9fc
55232194,uuid:e60db0e9-36a0-4ea3-af8d-864a93e3bf89
55232316,uuid:7bcfca94-325a-4e26-a2b7-917a6d0855b3
55240557,uuid:f9e7e967-2344-44a9-9e16-99fa6148a073
55300439,uuid:36014665-800f-468f-b444-aca969279989
57304740,uuid:eee5e497-49d8-49d4-8b5f-5e54a6bd50c2
6307220,uuid:26577fa4-c502-425c-b455-c696907a1b18
64479725,uuid:631812b1-ad5e-4409-91bb-cb76b1320ca6
64558825,uuid:339f3cb2-a71e-4669-ad86-f0ac9f3aacad
64865431,uuid:f66b0618-12ad-4423-aa2f-aae20133445e
65747539,uuid:1034de50-7eab-4dc9-8e4d-d9e3c877fd69
65815427,uuid:06678f91-7c07-4a34-96ce-dac069f6bcc3
66814958,uuid:8282d3d4-d7a8-4d80-a5f9-660d57b3d138
66815424,uuid:1a62d25e-1e00-499e-8b2e-3344b38cfdbf
66819007,uuid:7072c9b2-e502-4f03-ba19-74da8fde0c45
66826171,uuid:8f2e71b6-6008-4d97-ba6d-c29892db6615
66829892,uuid:cb901f0c-3eaa-4359-bc9f-dc4d8adc88b4
66831349,uuid:5c1e6a2c-bdcc-419a-94a5-749e77938532
66834663,uuid:1b1572c2-b7aa-49c7-bffd-e684f4c0f500
66850119,uuid:a99708c4-4cee-4a17-90b3-47e7ce484f48
66851995,uuid:25b939cb-f3a5-4025-b7b8-433ce07dc7b4
66852181,uuid:96b8b918-a3f1-43fc-911f-cbac62fc2691
66865510,uuid:9f924f57-1bcf-4442-a161-f15501d8ea81
66865714,uuid:bacebdc7-766e-4a3b-8988-3cf7b47de7b6
66866128,uuid:bb0d7a47-1041-45af-b48d-07200b7e3b2c
66900125,uuid:759196b8-e958-40c3-bb6b-5d3e20681262
66903981,uuid:2224cee2-166c-49a5-a743-1674548a7dd9
66908388,uuid:7f3433ef-472e-43eb-93ad-7066a374e115
66908980,uuid:8ee94d69-ad9c-4a54-9bf0-2f74b34932f5
66914158,uuid:ca340104-0b3b-48fd-aa74-02b8df5fdbc0
66914781,uuid:5de97161-18ce-46eb-b023-35bc3996a91e
66922979,uuid:176b9942-a37f-4973-81be-5547c18c271c
66924354,uuid:80ed6152-4694-4a4b-8ad7-e291ee2516d1
66946161,uuid:c4a2912c-4bc6-45b4-b785-bcefbc8b42de
66949232,uuid:558453ed-455b-4027-9147-def19baa8e88
66953260,uuid:3dd560c8-6692-4e0e-b42f-07d7301d161a
66956904,uuid:a7aca81a-745f-4e19-a780-cb5658f8b02c
66972092,uuid:a606e969-4ce4-40ef-923b-71792cec3940
66973335,uuid:000629b6-fb77-46bc-afbe-db42f80b4b59
66979672,uuid:6d7ebb40-b675-4ddf-bf13-260286887b81
66981241,uuid:e42d898b-d211-4c6f-87cd-827af9f88254
66981593,uuid:cea46192-19c4-4768-8e21-64524c9e129e
66983263,uuid:7fc4ee64-b3df-464c-bf08-7b4a723e6b99
66989106,uuid:7e272e34-ca7b-4e32-8178-18ecb06e7446
66993102,uuid:93b8461b-3082-40dc-9977-e20218fb241e
66993543,uuid:ccfe6c86-34a4-409e-9bb5-acd3164810de
66996132,uuid:892e3a51-8013-4214-b336-6fd1c089c291
67007953,uuid:4998e624-5fa8-4ee0-b673-b83a38092520
67009210,uuid:0c8e9bf1-24d3-4e27-a877-5df886e09b74
67014248,uuid:e767bf97-2a71-42ef-bd18-ae52cb536715
67014284,uuid:d24b4d29-b021-42c7-8fd7-2541bdcbee9e
67016691,uuid:d4c0c402-054f-4698-8954-538c8bd4ff99
67019790,uuid:98e00b7d-b5ee-47bf-907c-1a1c022c3bf4
67021030,uuid:97d51814-2490-4c56-9c37-2f9b2e4de9d9
670254,uuid:f3dd9c8a-5993-4ab4-8850-4500517fcc13
67028018,uuid:1036edab-8c79-4d99-b72f-15b38a2adbc9
67033667,uuid:870b948a-0461-4455-858e-0005c4191f87
70049056,uuid:75d29ad2-5ff0-45fa-bce4-22d4dbdbdac3
70073044,uuid:189c6bc4-5f3f-42f1-b01e-1029d874255c
70108470,uuid:9a6d99da-bc4b-4465-8f0a-b3b99fc335ef
70127199,uuid:acc16004-2a97-4d35-aa99-33fa7aea72f8
70432281,uuid:2990439b-3ef0-4645-ae32-51e44d78f9f2
70540124,uuid:3db9fce1-d773-4806-bf53-8d2bcce2c204
70663173,uuid:d70285b2-1f8e-427e-81db-03f5ea63f74e
70721342,uuid:eb41ff72-eef7-42bc-9015-2c8594ddacdb
71216514,uuid:5c9d95f1-dfcf-4462-b243-f441f76fbcf1
71218215,uuid:a86c1815-64a7-49c0-bd0c-5cfa18a766ef
71260467,uuid:5766f69b-8df5-4b8c-a087-9324e88e1539
71276975,uuid:625d603d-9a10-48f7-bfbe-7993c206f3fa
71314870,uuid:796d4ae5-13a4-4d4b-9207-8238fc420e07
71365608,uuid:9f92fee0-532a-4a81-85ea-4f9695ebc6b1
71376919,uuid:0b6ac01f-e0c5-47fe-add4-7c800f4c8e38
71387728,uuid:52b88d93-9d16-4865-844d-d80a51644e78
71579896,uuid:c36ad278-0df7-4cb3-9f12-cd0995f8fd58
71591169,uuid:550bd407-3001-4b2a-b6f4-77e673baf786
71603638,uuid:08bf25b5-4f28-4a2d-abb1-77ff34824482
71645240,uuid:5880c56d-380d-4e05-969f-e89cd416fe3c
71646374,uuid:a37502b5-2fec-47b8-b16b-91b26c55b826
71653892,uuid:48369c91-21bd-4804-bbfa-fd67de44c7df
71663203,uuid:d402db37-20ac-48db-8bed-39652a106447
71664592,uuid:5aaacad9-79be-4f58-88df-2c718abc7406
71671195,uuid:6465c199-32c4-4568-ac3d-f9fecd6efdd9
71681839,uuid:285272c1-5552-414e-888b-785aa912c79e
71686558,uuid:dc8be102-6fa8-41da-9bab-56591320bc75
71697945,uuid:24a41de3-1f13-45b5-b434-318f9bf4c11f
71717122,uuid:ac6fb467-ffbe-4a1d-ad70-29c6fb5b8725
71728862,uuid:bc4e15e0-d311-48f1-8498-6539ca5f136d
71744033,uuid:f12c7697-e6e7-480a-bdfc-0c70c5a45b7b
71763215,uuid:c99f7d29-0f9a-4253-9b8a-c1316affb6a0
71769872,uuid:858ac7de-f111-4adf-a35b-68c76affc15d
71796175,uuid:96a7c100-7270-4041-b383-16833e944a63
71799939,uuid:65ef2a57-15fe-48e2-a665-6c82e69e75a1
72042663,uuid:fabbef0d-1749-4d46-9c4f-cb8603952bfe
72127034,uuid:a537d87c-7268-420c-8613-d8f9b8f4c8d7
72129785,uuid:12b26c08-6682-47db-8808-ec929ef600ce
72131105,uuid:3ae49855-814f-47fb-b116-d2317b757ff9
72132483,uuid:3614ac3f-d5b8-4ca5-8f58-b2ffc0265890
72144157,uuid:4c12cba0-d2ad-4db8-a287-4b7950811b17
72145817,uuid:647842dc-689f-47fc-b503-2f5115518689
72146165,uuid:8cbec44a-2cd2-4e43-a414-8b290fa11fd1
72146737,uuid:44617ba7-dd56-4603-8c3b-ee06d89873b9
72149109,uuid:a3f4e714-6263-408b-b5b5-be1fa016b0ce
72167042,uuid:3366f966-8090-48c1-baa1-b921d65ff68f
72170241,uuid:39cd8d80-2f41-4ccf-bec2-23a0be17b472
72175816,uuid:afdee6f9-159e-4323-8799-f80f2b276f71
72178853,uuid:72c3c983-d5bc-4a15-a7e4-c641c7cb92cc
72180833,uuid:36637ce9-94c4-4dd8-8d5c-502811c1147d
72182204,uuid:34be1619-4c69-46bf-b70b-5eeff3ed0370
72183434,uuid:016e4c07-4163-4dc3-a1e3-d8be358bdb11
72184735,uuid:118581f8-bfd3-4361-a0ef-efc95c1bb7ec
72200209,uuid:f4236685-b916-4ac9-93a1-acd2212b0d28
72210592,uuid:e349ae78-75f8-4647-b2e5-8ac03d871bdb
72212320,uuid:c83b8110-650a-4750-b6fd-1d3e3c180014
72213150,uuid:c7342884-1617-4253-b724-691762016d29
72214776,uuid:a49aa34d-1279-4840-8192-705bd4b50223
72217502,uuid:9a55bd92-6647-4946-ab59-b0af80fb72bb
72227073,uuid:c64a5340-3f89-4229-ac18-186f4febf0c3
72227387,uuid:0454e32a-d021-42b4-9836-6746d4d9e6ad
72234487,uuid:22946010-fbdc-4ec1-9a54-7150dff9b7e4
72239153,uuid:3b3dafbd-0187-490c-93cd-8006b280e057
72239164,uuid:4b2417a4-2e67-43e4-99bf-c506b3bb2799
72256249,uuid:198471d3-357a-43c1-8795-e1dc0f1485d9
72259355,uuid:8dfc0c28-51e6-47a1-aec5-c9a12997bf70
72261103,uuid:fafe1c0a-1ba9-4a49-9b33-83881e54b66f
72264710,uuid:db2101a7-c58c-440c-aed1-4fd23674e920
72265227,uuid:50a8856d-b32e-4537-8191-577fd89e8ae9
72298484,uuid:4fee4288-28e4-4397-befe-716dbbc6aa84
72428031,uuid:2168c2f7-1caa-4504-b951-63eedf0c24ea
73153652,uuid:59021ec1-d114-4ffe-b286-24b86497d0e2
73226383,uuid:f41441dd-d5fb-4e19-9815-0f0d7d028fed
7411480,uuid:750edb80-afc8-4cf0-a404-1e90f1dbcbbc
7420358,uuid:4b934382-760e-44e7-95c6-5803460db48c
7435553,uuid:b764d5b9-b4b0-4a6a-ad54-e2de12ade2f8
7438297,uuid:e774dc2b-814c-493b-a3fe-324a959f0b58
7444585,uuid:f4725ee7-ba17-4d2b-9930-e8ddc69a30cf
7447628,uuid:178a915e-4f2c-42fb-8a3c-8bfd560e3e95
7454371,uuid:102be130-d779-4102-a9a2-e922f12f5381
7459447,uuid:f92d7885-846b-40e7-82bd-0145ed477f0b
7460942,uuid:5d90bb50-369e-4f92-a76e-6d76f285373c
7471998,uuid:db9ad730-d60a-4899-b36c-3a4fc3ba6c32
7473926,uuid:837a49d3-549b-45fb-8b79-267c39e8ca4c
7474428,uuid:89cb0dec-7d50-4311-b72d-e2d42ae76379
7476537,uuid:c7af9762-54a8-4744-8fe9-2736dccc8905
7476784,uuid:84502d7f-4cd9-4f3e-b071-9b01fe3da9d8
7512541,uuid:8fb5392c-bdd0-4697-8ce4-a7b39b7361d5
76047511,uuid:3ff31177-d7ae-4f11-a430-4b6461f9b128
761321,uuid:af58c93d-dec7-4d08-81f1-d6a1ba5c9316
76268499,uuid:512c893e-849e-4a5a-bd66-5a1ba70cad05
76290401,uuid:f70d2dac-d8ac-489d-8c57-2de27e1ac3d0
76291034,uuid:2e21eb42-c5ac-475b-be5a-9ca6b7508651
76324402,uuid:61890b6e-d42b-448b-a8d5-2dc6d9fa8c13
76336138,uuid:08af5d1c-c27b-4467-86f0-19ba015b93ae
76337278,uuid:67ea4602-a1f4-4a4d-8c7e-2f782397cfc4
77020562,uuid:446f1ffd-cb40-49e6-bc1c-43c9ef32201e
7884262,uuid:ea1a8d47-3003-4929-b569-cea8f8752f7f
8279530,uuid:b50767f5-742f-4837-8da6-8cd73c59a20c
8299054,uuid:3c7f21ff-0d5e-49cd-ae5d-c4e778042766
8306303,uuid:1745a2ea-9b22-4e1f-b149-079e08691a58
8316734,uuid:66b4e936-5f4f-4cd1-beb6-b19d8a2f96d0
832608,uuid:837c76e9-a249-4fbc-9c84-195c6fd516b1
8371433,uuid:03c95b87-f8b5-449f-a751-1750681011cf
8538228,uuid:3ee66382-9067-4f2a-bbe2-070918a61c29
8661897,uuid:3c770c75-5af1-4a46-bd9f-f081fd00b2a5
8663792,uuid:7818026b-fefa-4de2-8e50-8af972575472
8664032,uuid:25a62914-bf74-432f-90b1-a1b5fb188f8c
8668925,uuid:164f7146-1d5f-4dde-ab2d-b721ff67701c
8672765,uuid:207cc31e-5dc9-485f-8731-40ea80877eb2
8675682,uuid:bcdce12f-d755-43e4-a0d6-078d8a5ffb53
8681506,uuid:f1c4734a-f1c0-435d-970b-30f76f0d5fd5
8686374,uuid:81849e4a-c562-45a0-8755-5aa93b0e2307
8686397,uuid:4cf55ef7-7068-408b-a8b1-fbc1f03c967b
8688105,uuid:51273da0-5d60-4a40-afa2-9ba6b1e068ab
8695283,uuid:1b071fd4-01c9-4999-b511-ee500363f780
8696703,uuid:fc35c1ec-bfec-4805-8bc6-2afa6f78d779
8704553,uuid:88191c64-52a9-4b40-a8e2-a1ece967f927
8706854,uuid:15b9287c-2d22-480c-84c1-a4f7b63f55f1
87085002,uuid:939c6afe-842a-4a09-8518-67549a679a6c
8719594,uuid:aa06fca1-c1e7-4204-8cd4-ba84402de032
8722562,uuid:0cb32f39-47c9-4a9c-9d7e-f506ce3f16cb
8724214,uuid:4e303393-259d-4c00-8abc-aee74d1bc6d6
8732595,uuid:7fa616f8-62cb-4341-b545-ec7ac7d8defe
8734568,uuid:25a3799b-fac1-4b58-8772-1a3b1db82651
8737489,uuid:3714026a-a275-4559-96ef-d42807e437b9
8739487,uuid:6223b20e-85fc-45c8-b11e-a28ebbc81878
87430106,uuid:2343132f-64af-46b9-8b83-00647775b182
8754897,uuid:598c509b-3b69-4622-8153-9e29ee7be7f5
87571430,uuid:9d9ad302-2d1a-4f39-9193-c34126863506
8758157,uuid:10caa75f-ab86-4df5-ad16-e7525fb0c12d
8775124,uuid:aa49f1b1-1890-4f5c-ae58-22dbf6372f19
8779085,uuid:06886fbf-e0aa-4a1a-9679-4515fa25b347
8793580,uuid:03deff1e-f7cd-41be-b80a-61808c6a4a84
8799243,uuid:acf08170-7286-4a43-8e66-60a448c7e7b7
9110860,uuid:338956bd-bd84-4693-bfde-09e3f0252c45
9142652,uuid:cb4f9c82-1892-4713-8190-c3e1c2b39476
94043060,uuid:27bf6df7-959a-4f39-9f0d-e42ff82646b8
94061999,uuid:b74b1129-7f77-4d11-8c4e-0195734d1675
94063123,uuid:2823696a-7b3e-45a4-82b7-540e70dc169b
94191300,uuid:b69e6ba4-c8e4-4f0b-8812-227ff584976c
94225090,uuid:51c22f40-c486-4825-b116-c1f8cc4916c2
94374533,uuid:efa4aaf5-d8b4-4046-bff9-b466103af5a5
94402421,uuid:d5d8429e-5244-463d-a7ac-9b8bb30fcd9f
94403143,uuid:c57f0d92-0b1c-42d2-bcac-c7ba92e77115
94427227,uuid:eb114894-81af-4b6f-8e39-ed591cc7b4fd
94459917,uuid:3699ae12-6856-4a9a-8f6b-fee503ab2459
94494784,uuid:9c84fc8a-572c-4658-abf6-6ec6834a0d97
94501681,uuid:b9898e94-f798-4de9-8649-0f214e7d93b7
94503264,uuid:38ca58fb-4029-4276-917e-c2bda428958c
94513261,uuid:db569f13-7a6b-43df-98ef-43ea4d2f7eb2
94528503,uuid:3cc30bb3-5ebc-4229-851c-0a9f51db2bb6
94534343,uuid:9ce0ce3e-9593-486e-8dc8-d731ee65b504
94537823,uuid:e5b60e99-3c8c-4a4d-959b-4a7912e9fdde
94540935,uuid:57491070-e591-47f0-b5e4-06f49cde7f41
94550202,uuid:ebcdb9b5-2275-4dff-8221-92cae8ef4e98
9825002,uuid:cabcd6a8-df33-4e8b-9be1-a4e0d095ddef
98638636,uuid:1c9113f5-a1fa-4276-8680-73669e6ad76b
98657538,uuid:a2e48595-49a2-4396-96fe-fcdf0ecd09b0
